{"sections":{"main-page":{"type":"main-page","settings":{"title":true,"breadcrumbs":true,"padding-top-desktop":160,"padding-top-tablet":80,"padding-top-mobile":30,"background":"shopify:\/\/shop_images\/bkg-breadcrumbs.png"}},"main-collection":{"type":"main-collection","settings":{"collection_title":true,"collection_image":true,"collection_image_banner":"shopify:\/\/shop_images\/banner.png","collection_image_slider":true,"collection_description":false,"collection_sub":true,"collection_grid_list":true,"layout":"grid","collection_result":true,"collection_col":"2","collection_col_sm":"2","collection_col_md":"4","collection_col_lg":"4","collection_col_xl":"4","collection_col_xxl":"4","pagination_limit":28,"collection_sorting":true}}},"order":["main-page","main-collection"]}