{"sections":{"162796165210cf81a9":{"type":"index-slideshow","blocks":{"1a45fce1-65db-4d0a-b8c5-b83786d19ab7":{"type":"image","settings":{"background":"shopify:\/\/shop_images\/oar1-sl2.jpg","link":"shopify:\/\/collections\/all","entrance_effect":"slideInRight","exit_effect":"bounceOut","caption_position":"right-center","caption_align":"center","title":"","color_title_desktop":"#91ad41","subtitle":"","color_subtitle_desktop":"#101010","description":"Maecenas sed diam eget risus posuere erat a ante venenatis dapibus posuere velit aliquet diam eget risus posuere.","color_description_desktop":"#8d8d99","action":"PURCHASE NOW","caption_1":"shopify:\/\/shop_images\/oar2-img-cap.png"}},"c0114108-bf63-413a-ae35-d300e7d64016":{"type":"image","settings":{"background":"shopify:\/\/shop_images\/oar1-sl1.jpg","link":"shopify:\/\/collections\/all","entrance_effect":"slideInLeft","exit_effect":"bounceOut","caption_position":"left-center","caption_align":"center","title":"","color_title_desktop":"#91ad41","subtitle":"","color_subtitle_desktop":"#101010","description":"Maecenas sed diam eget risus posuere erat a ante venenatis dapibus posuere velit aliquet diam eget risus posuere.","color_description_desktop":"#8d8d99","action":"PURCHASE NOW","caption_1":"shopify:\/\/shop_images\/oar2-img-cap.png"}}},"block_order":["1a45fce1-65db-4d0a-b8c5-b83786d19ab7","c0114108-bf63-413a-ae35-d300e7d64016"],"settings":{"display":"d-none d-md-block","layout":"container-fluid","effect":"slide","autoplay":true,"autoplay_speed":"6000","slideshow_width":1920,"slideshow_height":920,"navigation":false,"color_navigation_text":"#ffffff","color_navigation_bkg":"rgba(0,0,0,0)","pagination":true,"color_pagination":"#525254","color_pagination_hover":"#91ad41"}},"16540710111366b5c3":{"type":"index-slideshow","blocks":{"0ebd6f18-b10e-4b52-8a09-ca30771501a8":{"type":"image","settings":{"background":"shopify:\/\/shop_images\/oar1-sl2_mobile1.png","link":"shopify:\/\/collections\/all","entrance_effect":"bounceIn","exit_effect":"bounceOut","caption_position":"right-center","caption_align":"center","title":"","color_title_desktop":"#101010","subtitle":"","color_subtitle_desktop":"#8d8d99","description":"Maecenas sed diam eget risus posuere erat a ante venenatis dapibus posuere velit aliquet diam eget risus posuere.","color_description_desktop":"#8d8d99","action":"PURCHASE NOW","caption_1":"shopify:\/\/shop_images\/oar1-sl2-m_519b9af8-44dc-472e-ad7a-37be2cd436b0.png"}},"436b3df5-18de-4889-ba66-4fb9f1de05b8":{"type":"image","settings":{"background":"shopify:\/\/shop_images\/oar1-sl1_moblie2.png","link":"shopify:\/\/collections\/all","entrance_effect":"bounceIn","exit_effect":"bounceOut","caption_position":"left-center","caption_align":"center","title":"","color_title_desktop":"#101010","subtitle":"","color_subtitle_desktop":"#8d8d99","description":"Maecenas sed diam eget risus posuere erat a ante venenatis dapibus posuere velit aliquet diam eget risus posuere.","color_description_desktop":"#8d8d99","action":"PURCHASE NOW","caption_1":"shopify:\/\/shop_images\/oar1-sl2-m_519b9af8-44dc-472e-ad7a-37be2cd436b0.png"}}},"block_order":["0ebd6f18-b10e-4b52-8a09-ca30771501a8","436b3df5-18de-4889-ba66-4fb9f1de05b8"],"settings":{"display":"d-block d-md-none","layout":"container-fluid","effect":"slide","autoplay":true,"autoplay_speed":"5000","slideshow_width":767,"slideshow_height":368,"navigation":true,"color_navigation_text":"#ffffff","color_navigation_bkg":"rgba(0,0,0,0)","pagination":true,"color_pagination":"#525254","color_pagination_hover":"#91ad41"}},"1653462114149a17d6":{"type":"index-about-deal","blocks":{"04e99a6e-2682-4629-a569-db50bbbebe2e":{"type":"item","settings":{"image":"shopify:\/\/shop_images\/ib1-home2-1.webp","title":"Fresh Smoothie","subtext":"Lorem ipsum dolor sit amet consectetur adipiscing elit felis euismod sempe.","col":"6","col_sm":"6","col_md":"6","col_lg":"3","col_xl":"3","col_xxl":"3"}},"204086ce-cf01-4470-9657-b2ed2fc66b5c":{"type":"item","settings":{"image":"shopify:\/\/shop_images\/ib1-home2-2.webp","title":"Fruit Cocktail","subtext":"Lorem ipsum dolor sit amet consectetur adipiscing elit felis euismod sempe.","col":"6","col_sm":"6","col_md":"6","col_lg":"3","col_xl":"3","col_xxl":"3"}},"b444f963-2212-4f34-aa88-c11d75ff48ba":{"type":"item","settings":{"image":"shopify:\/\/shop_images\/ib1-home2-3.webp","title":"100% Natural","subtext":"Lorem ipsum dolor sit amet consectetur adipiscing elit felis euismod sempe.","col":"6","col_sm":"6","col_md":"6","col_lg":"3","col_xl":"3","col_xxl":"3"}},"de315908-1e51-4d83-a67e-d2af15c3dbf1":{"type":"item","settings":{"image":"shopify:\/\/shop_images\/ib1-home2-4.webp","title":"Healthy Life","subtext":"Lorem ipsum dolor sit amet consectetur adipiscing elit felis euismod sempe.","col":"6","col_sm":"6","col_md":"6","col_lg":"3","col_xl":"3","col_xxl":"3"}}},"block_order":["04e99a6e-2682-4629-a569-db50bbbebe2e","204086ce-cf01-4470-9657-b2ed2fc66b5c","b444f963-2212-4f34-aa88-c11d75ff48ba","de315908-1e51-4d83-a67e-d2af15c3dbf1"],"settings":{"display":"","bkg_image":"shopify:\/\/shop_images\/oar2-bg_who-we-are_1.webp","about_enable":true,"title":"Who we are","sub_title":"About Us","subtext":"Cras mattis consectetur purus sit amet fermentum. Praesent commodo cursus magna, vel scelerisque nisl consectetur et.","deal_enable":true,"deal_title":"100% Made With Fruits","deal_sub_title":"Fresh Smoothie","deal_subtext":"Lorem ipsum dolor sit amet, consectetur adipiscing elit. Sed posuere consectetur est at lobortis. Aenean eu leo quam. Pellentesque ornare sem lacinia quam venenatis vestibulum. Nullam id dolor id nibh ultricies vehicula ut id elit.","deal_action":"SHOP NOW","deal_link":"shopify:\/\/pages\/about-us","deal_banner":"shopify:\/\/shop_images\/oar2-bn1.jpg"}},"16534628692f42de40":{"type":"index-recipe","blocks":{"c3651b23-6093-41b4-bf42-86963b7ba1c5":{"type":"item_left","settings":{"image":"shopify:\/\/shop_images\/oar2-ib1.webp","title":"Cucumber","subtext":"Maecenas faucibus mollis interdum. Aenean eu leo quam."}},"6fb41e21-6f34-4c34-a7eb-4a6d0886bfab":{"type":"item_left","settings":{"image":"shopify:\/\/shop_images\/oar2-ib2.webp","title":"Apple","subtext":"Maecenas faucibus mollis interdum. Aenean eu leo quam."}},"48836307-68a7-4a43-87e0-1cf430eadce0":{"type":"item_right","settings":{"image":"shopify:\/\/shop_images\/oar2-ib3.webp","title":"Lemon","subtext":"Maecenas faucibus mollis interdum. Aenean eu leo quam."}},"36008b66-7aa1-4be8-abd3-0c219d95d3a2":{"type":"item_right","settings":{"image":"shopify:\/\/shop_images\/oar2-ib4.webp","title":"Fresh Spinach","subtext":"Maecenas faucibus mollis interdum. Aenean eu leo quam."}}},"block_order":["c3651b23-6093-41b4-bf42-86963b7ba1c5","6fb41e21-6f34-4c34-a7eb-4a6d0886bfab","48836307-68a7-4a43-87e0-1cf430eadce0","36008b66-7aa1-4be8-abd3-0c219d95d3a2"],"settings":{"display":"","title":"Recipe Detox Smoothie","sub_title":"Fresh Smoothie","subtext":"Cras mattis consectetur purus sit amet fermentum. Praesent commodo cursus magna, vel scelerisque nisl consectetur et.","bkg_image":"shopify:\/\/shop_images\/oar-bg-about-deal.png","bkg_color":"#f7eee2","banner":"shopify:\/\/shop_images\/oar2-img_detox.webp","action":"VIEW ALL RECIPE","link":"shopify:\/\/collections\/all"}},"165210551364276666":{"type":"index-collection-tab","blocks":{"16521055135773474e-0":{"type":"tab","settings":{"title":"ALL","collection":"all-collections"}},"16521055135773474e-1":{"type":"tab","settings":{"title":"SMOOTHIE","collection":"smoothie"}},"16521055135773474e-2":{"type":"tab","settings":{"title":"JUICES","collection":"juices"}},"16521055135773474e-3":{"type":"tab","settings":{"title":"VEGETABLES","collection":"vegetables"}},"16521055135773474e-4":{"type":"tab","settings":{"title":"TEA","collection":"tea"}}},"block_order":["16521055135773474e-0","16521055135773474e-1","16521055135773474e-2","16521055135773474e-3","16521055135773474e-4"],"settings":{"display":"","title":"Feature Products","sub_title":"Fresh Food","col_limit":6,"col":2,"col_sm_limit":6,"col_sm":2,"col_md_limit":6,"col_md":3,"col_lg_limit":6,"col_lg":3,"col_xl_limit":8,"col_xl":4,"col_xxl_limit":8,"col_xxl":4}},"165346299948747510":{"type":"index-history","blocks":{"e0cbe0d7-a79c-4fac-87d5-540dc490f62e":{"type":"chart","settings":{"title":"2015","subtext":"Curabitur blandit tempus.\nMaecenas sed diam eget risus varius blandit sit porta felis euismod semper."}},"6636c944-aa84-495c-a070-b5667f824e9c":{"type":"chart","settings":{"title":"2016","subtext":"Curabitur blandit tempus.\nMaecenas sed diam eget risus varius blandit sit porta felis euismod semper."}},"f0705697-1de3-4a7c-9650-13e54830510e":{"type":"chart","settings":{"title":"2017","subtext":"Curabitur blandit tempus.\nMaecenas sed diam eget risus varius blandit sit porta felis euismod semper."}},"2ad4636e-3fa8-407a-88e7-e38738023e28":{"type":"chart","settings":{"title":"2018","subtext":"Curabitur blandit tempus.\nMaecenas sed diam eget risus varius blandit sit porta felis euismod semper."}},"76418293-9998-4245-85a4-ba0c9e87b914":{"type":"chart","settings":{"title":"2019","subtext":"Curabitur blandit tempus.\nMaecenas sed diam eget risus varius blandit sit porta felis euismod semper."}},"84b8f822-a4cc-45d4-bc61-068dee7aa9cf":{"type":"chart","settings":{"title":"2020","subtext":"Curabitur blandit tempus.\nMaecenas sed diam eget risus varius blandit sit porta felis euismod semper."}},"aaef29d6-5879-48ff-9a11-3540ec353a9f":{"type":"chart","settings":{"title":"2021","subtext":"Curabitur blandit tempus.\nMaecenas sed diam eget risus varius blandit sit porta felis euismod semper."}},"54bba1d6-e719-4d41-9327-e7272b28ccba":{"type":"chart","settings":{"title":"2022","subtext":"Curabitur blandit tempus.\nMaecenas sed diam eget risus varius blandit sit porta felis euismod semper."}},"df539ee3-c48d-409b-bc0c-e1c2446fb118":{"type":"funcfact","settings":{"image":"shopify:\/\/shop_images\/oar2-icon-counter-1.png","title":"7","subtext":"Year of experiences","col":"6","col_sm":"6","col_md":"3","col_lg":"3","col_xl":"3","col_xxl":"3"}},"5bf2b163-e776-4681-aed9-cebe036ffda8":{"type":"funcfact","settings":{"image":"shopify:\/\/shop_images\/oar2-icon-counter-2.png","title":"115k","subtext":"Detox Smoothies","col":"6","col_sm":"6","col_md":"3","col_lg":"3","col_xl":"3","col_xxl":"3"}},"5977b750-12cc-443e-ae94-0ecd1d6ec614":{"type":"funcfact","settings":{"image":"shopify:\/\/shop_images\/oar2-icon-counter-3.png","title":"22k","subtext":"Happy Customers","col":"6","col_sm":"6","col_md":"3","col_lg":"3","col_xl":"3","col_xxl":"3"}},"9ee4f4a6-e569-4a96-a64a-6c5c02a8a401":{"type":"funcfact","settings":{"image":"shopify:\/\/shop_images\/oar2-icon-counter-4.png","title":"115k","subtext":"100% Satisfaction","col":"6","col_sm":"6","col_md":"3","col_lg":"3","col_xl":"3","col_xxl":"3"}}},"block_order":["e0cbe0d7-a79c-4fac-87d5-540dc490f62e","6636c944-aa84-495c-a070-b5667f824e9c","f0705697-1de3-4a7c-9650-13e54830510e","2ad4636e-3fa8-407a-88e7-e38738023e28","76418293-9998-4245-85a4-ba0c9e87b914","84b8f822-a4cc-45d4-bc61-068dee7aa9cf","aaef29d6-5879-48ff-9a11-3540ec353a9f","54bba1d6-e719-4d41-9327-e7272b28ccba","df539ee3-c48d-409b-bc0c-e1c2446fb118","5bf2b163-e776-4681-aed9-cebe036ffda8","5977b750-12cc-443e-ae94-0ecd1d6ec614","9ee4f4a6-e569-4a96-a64a-6c5c02a8a401"],"settings":{"display":"","title":"What is Oars Smoothie","sub_title":"Our History","subtext":"Praesent commodo cursus magna, vel scelerisque nisl consectetur et. Cras mattis consectetur purus sit amet fermentum. Lorem ipsum dolor sit amet, consectetur adipiscing elit. Donec ullamcorper nulla non metus auctor fringilla. Nullam quis risus eget urna mollis ornare vel eu leo.","action":"VIEW MORE","link":"shopify:\/\/collections\/all","bkg_image":"shopify:\/\/shop_images\/oar2-bg-our-history.webp","bkg_color":"#f5fcf9","autoplay":true,"autoplay_speed":"5000","funcfacts_enable":true}},"165223757597ec0d3f":{"type":"index-blog","settings":{"display":"","title":"Latest News From Blog","sub_title":"Our Blog News","subtext":"Cras mattis consectetur purus sit amet fermentum. Praesent commodo cursus magna, vel scelerisque nisl consectetur et.","select_blog":"news","limit":"3","col":"1","col_sm":"1","col_md":"1","col_lg":"3","col_xl":"3","col_xxl":"3"}},"165223757911bb8215":{"type":"index-choose","blocks":{"9d9c5514-7829-43ea-9ba6-edcf116f0a2f":{"type":"item","settings":{"title":"Get creative with courgettes","subtext":"Ut fermentum massa justo sit amet risus tellus ac cursus commodo, tortor mauris condimentum nibh, ut fermentum massa."}},"cf7c6a1e-b6a0-4afb-8aec-84f65e12d3ce":{"type":"item","settings":{"title":"Italian style meatballs with courgette ‘tagliatelle’","subtext":"Aenean lacinia bibendum nulla sed consectetur. Vestibulum id ligula porta felis euismod semper. Fusce dapibus, tellus ac cursus."}},"08c88f5a-87e4-4949-915e-1e916e7218fb":{"type":"item","settings":{"title":"How to fillet round fish (mackerel, trout, etc.)","subtext":"Ut fermentum massa justo sit amet risus tellus ac cursus commodo, tortor mauris condimentum nibh, ut fermentum massa."}}},"block_order":["9d9c5514-7829-43ea-9ba6-edcf116f0a2f","cf7c6a1e-b6a0-4afb-8aec-84f65e12d3ce","08c88f5a-87e4-4949-915e-1e916e7218fb"],"settings":{"display":"","title":"Oars Application","sub_title":"Pay Vie iPhone App","subtext":"Cras mattis consectetur purus sit amet fermentum. Praesent vel scelerisque nisl consectetur et.","banner":"shopify:\/\/shop_images\/oar2-app-mobile.webp","action":"DOWNLOAD THE APP","link":"","background":"#f7eee2"}},"1652237161c7a16000":{"type":"index-testimonials","blocks":{"6fe2811c-af07-43c8-99b8-8927be553119":{"type":"testimonial","settings":{"image":"shopify:\/\/shop_images\/oar2-img1.webp","title":"Rosinante Vole","job":"Smoothie Bar","review":"Aenean lacinia bibendum nulla sed consectetur. Vestibulum id ligula porta felis euismod semper. Fusce dapibus, tellus ac cursus.","col":"12","col_sm":"12","col_md":"4","col_lg":"4","col_xl":"4","col_xxl":"4"}},"c56e1ba1-abbe-450a-805f-a2caf407f39c":{"type":"testimonial","settings":{"image":"shopify:\/\/shop_images\/oar2-img2.webp","title":"William Dogtooh","job":"Farmer Store","review":"Aenean lacinia bibendum nulla sed consectetur. Vestibulum id ligula porta felis euismod semper. Fusce dapibus, tellus ac cursus.","col":"12","col_sm":"12","col_md":"4","col_lg":"4","col_xl":"4","col_xxl":"4"}},"4f283798-0fa6-4a00-8c7b-bc5e0fffc3f0":{"type":"testimonial","settings":{"image":"shopify:\/\/shop_images\/3.jpg","title":"Zin’s Nguyen","job":"Smoothie Bar","review":"Aenean lacinia bibendum nulla sed consectetur. Vestibulum id ligula porta felis euismod semper. Fusce dapibus, tellus ac cursus.","col":"12","col_sm":"12","col_md":"4","col_lg":"4","col_xl":"4","col_xxl":"4"}},"00baa5b4-a105-4030-88b6-08cfc0720d94":{"type":"brand","settings":{"image":"shopify:\/\/shop_images\/oar2-b1.webp","image_hover":"shopify:\/\/shop_images\/h_1.png","url":"shopify:\/\/collections\/all"}},"d0d00c53-30a4-4d2d-9771-c77ecf934bb7":{"type":"brand","settings":{"image":"shopify:\/\/shop_images\/oar2-b2.webp","image_hover":"shopify:\/\/shop_images\/h_2.png","url":"shopify:\/\/collections\/all"}},"3e13a22c-f3a5-4480-991b-f12b4db23d4c":{"type":"brand","settings":{"image":"shopify:\/\/shop_images\/oar2-b3.webp","image_hover":"shopify:\/\/shop_images\/h_3.png","url":"shopify:\/\/collections\/all"}},"c1f04358-f839-43f1-bd53-1e2dc3f945c8":{"type":"brand","settings":{"image":"shopify:\/\/shop_images\/oar2-b4.webp","image_hover":"shopify:\/\/shop_images\/h_4.png","url":"shopify:\/\/collections\/all"}},"dd9b1ee0-143c-47d6-84e9-aaeb5b750fe6":{"type":"brand","settings":{"image":"shopify:\/\/shop_images\/oar2-b5.webp","image_hover":"shopify:\/\/shop_images\/h_5.png","url":"shopify:\/\/collections\/all"}},"d2f0749d-e745-44f7-a37e-9967184556cb":{"type":"brand","settings":{"image":"shopify:\/\/shop_images\/oar2-b6.webp","image_hover":"shopify:\/\/shop_images\/h_6.png","url":"shopify:\/\/collections\/all"}}},"block_order":["6fe2811c-af07-43c8-99b8-8927be553119","c56e1ba1-abbe-450a-805f-a2caf407f39c","4f283798-0fa6-4a00-8c7b-bc5e0fffc3f0","00baa5b4-a105-4030-88b6-08cfc0720d94","d0d00c53-30a4-4d2d-9771-c77ecf934bb7","3e13a22c-f3a5-4480-991b-f12b4db23d4c","c1f04358-f839-43f1-bd53-1e2dc3f945c8","dd9b1ee0-143c-47d6-84e9-aaeb5b750fe6","d2f0749d-e745-44f7-a37e-9967184556cb"],"settings":{"display":"","bkg_color":"#ffffff","testimonials_enable":true,"title":"What Our Customer Saying?","sub_title":"Testimonials","subtext":"Cras mattis consectetur purus sit amet fermentum. Praesent commodo cursus magna, vel scelerisque nisl consectetur et.","bkg_item":"#f5f6fb","brands_enable":true,"autoplay":true,"autoplay_speed":"5000","effect":"slide","space":15,"col":"3","col_sm":"3","col_md":"6","col_lg":"6","col_xl":"6","col_xxl":"6","navigation":true,"pagination":false}},"165346300226c85282":{"type":"index-html","settings":{"display":"","layout":"container-fluid","content":"<iframe src=\"https:\/\/www.google.com\/maps\/embed?pb=!1m14!1m8!1m3!1d6044.969830807474!2d-73.993056!3d40.7513582!3m2!1i1024!2i768!4f13.1!3m3!1m2!1s0x0%3A0x0!2zNDDCsDQ1JzEyLjQiTiA3M8KwNTgnNTQuNyJX!5e0!3m2!1svi!2s!4v1600333050767!5m2!1svi!2s\" width=\"1920\" height=\"450\" frameborder=\"0\" style=\"border:0;\" allowfullscreen=\"\" aria-hidden=\"false\" tabindex=\"0\"><\/iframe>"}}},"order":["162796165210cf81a9","16540710111366b5c3","1653462114149a17d6","16534628692f42de40","165210551364276666","165346299948747510","165223757597ec0d3f","165223757911bb8215","1652237161c7a16000","165346300226c85282"]}