{"current":{"color_body":"#8b8b99","color_primary":"#b95557","color_heading":"#1e1e1e","color_line":"#dcdcdc","color_content_bg":"#ffffff","color_dropdown_text":"#828282","color_dropdown_text_hover":"#b95557","color_boxshadow":"#e6e6e6","color_dropdown_price":"#b95557","color_btn_text":"#ffffff","color_btn_border":"#b95557","color_btn_bg":"#b95557","color_btn_text1":"#8d8d99","color_btn_border1":"#8d8d99","color_btn_bg1":"#ffffff","color_topheader_text":"#060606","color_topheader_border":"#e7e7e8","color_topheader_bg":"#ffffff","color_header_text":"#27272f","color_header_text_hover":"#b95557","color_header_border":"#E6E6E6","color_header_boxshadow":"#E6E6E6","color_header_bg":"#ffffff","color_navigation_text":"#27272f","color_navigation_text_hover":"#b95557","color_navigation_border":"#b95557","color_navigation_bg":"#ffffff","color_product_title_text":"#1e1e1e","color_product_text":"#828282","color_product_hover":"#b95557","color_product_line":"#e7e7e8","color_product_bg":"#f5f6fb","color_price_text":"#b95557","color_price_compare_text":"#828282","color_rating_text":"#fbce1d","color_price_text_detail":"#df1e31","color_price_compare_text_detail":"#696969","color_footer_title_text":"#1e1e1e","color_footer_text":"#828282","color_footer_text_hover":"#b95557","color_footer_border":"#f5f6fb","color_footer_bg":"#ffffff","color_copyright_text":"#27272f","color_copyright_text_hover":"#b95557","color_copyright_border":"#111721","color_copyright_bg":"#f7eee2","color_newsletter_text":"#646464","color_newsletter_border":"#e6e6e6","color_newsletter_bg":"#ffffff","color_btnnewsletter_border":"#b95557","color_btnnewsletter_bg":"#b95557","color_scrolltop_border":"#b95557","color_scrolltop_bg":"#b95557","fontembed":"<link rel=\"preconnect\" href=\"https:\/\/fonts.googleapis.com\">\n<link rel=\"preconnect\" href=\"https:\/\/fonts.gstatic.com\" crossorigin>\n<link href=\"https:\/\/fonts.googleapis.com\/css2?family=Poppins:ital,wght@0,100;0,200;0,300;0,400;0,500;0,600;0,700;0,800;0,900;1,100;1,200;1,300;1,400;1,500;1,600;1,700;1,800;1,900&display=swap\" rel=\"stylesheet\">\n<link href=\"{{ 'streamster-font.css' | asset_url }}\" rel=\"stylesheet\">","font_body":"'Poppins', sans-serif","font_heading":"'Poppins', sans-serif","icon_heading":"shopify:\/\/shop_images\/ico_title.webp","ajax_active":true,"ajax_notification":true,"newsletter_popup":true,"cookies_bar":true,"search_quick_link":"quick-search","search_suggested_collection":"best-seller","product_padding":true,"product_image_size":"natural","product_label_sale":"-[percent]%","product_label_sale_color":"#91ad41","quick_width_content":"medium","quick_customimage":"shopify:\/\/shop_images\/oar1-payment_900x_70dcb16f-3e8f-4cf3-8779-d358afa1c182.webp","product_option":"Image:image | Color:image | Size:size | Dropdown:dropdown | Material:dropdown | Weight:size | Type:size","product_color_mapping":"Red:#f44336 | Pink:#FA8BBF | Purple:#9c27b0 | Deep purple:#673ab7 | Indigo:#3f51b5 | Blue:#2196f3 | Light blue:#03a9f4 | Cyan:#00bcd4 | Teal:#009688 | Green:#4caf50 | Light green:#8bc34a | Lime:#cddc39 | Yellow:#ffeb3b | Amber:#ffc107 | Orange:#ff9800 | Deep orange:#ff5722 | Brown:#795548 | Gray:#9e9e9e | Blue gray:#607d8b | Black:#000000 | White:#ffffff | \nCrimson:#DC143C | Dark:#2f4f4f|Dark Green:#1f5d48|Army:#3c3e4b|Beige:#ebe4d9|Army Green:#41493e|Navy Blue:#1f253b|Blackish Green:#28333e|Burgundy:#761d23|Gray Blue:#1f1f2c|Gray Red:#670a1a|Red Blue:#94142b|Gray:#3e4043|Black Green:#414e38|Black Orange:#997e60|Camouflage:#605e5d|Navy White:#969ba5|Navy white:#969ba5|Black White:#929196|Dark gray:#4c494a|Gray Navy:#b2b5b2|Grey:#808080|Light Beige:#979080|Light Gray:#b0b4b7|Red Navy:#89181f|Sky Blue:#2c979a|Black Red:#703f49|DodgerBlue:#1E90FF|DeepPink:#FF1493|LightSkyBlue:#87CEFA|LightSteelBlue:#B0C4DE|DeepSkyBlue:#00BFFF|DarkGoldenRod:#B8860B|Chartreuse:#7FFF00|Gray:#808080|Beige Bear:#F5F5DC|Blue Smile:#00FFFF|Claret:#7f1734|Blue Flower:#6495ED|Fuchsia:#FF00FF|Mint:#3eb489|MidnightBlue:#191970|Navy:#000080|PapayaWhip:#FFEFD5|FireBrick:#B22222|Maroon:#800000|LightSlateGray:#778899|Linen:#FAF0E6|Wheat:#F5DEB3|WhiteSmoke:#F5F5F5|SeaShell:#FFF5EE|PaleTurquoise:#AFEEEE|Peru:#CD853F|LemonChiffon:#FFFACD|LightPink:#FFB6C1|DarkSeaGreen:#8FBC8F|Dark Blue:#00008B|HotPink:#FF69B4|BlueViolet:#8A2BE2|Rice:#FFF8DC|Red Pomegranate:#DC143C|Green Tea:#ADFF2F|Aloe Vera:#228B22|Honey:#DAA520|Rose:#ff007f|Bamboo:#7CFC00|Stawberry#FF4500|Tomato:#FF6347|Kiwi:#00FF7F|Carrot:#FA8072|Cucumber:#98FB98|Olive:#808000|Silver:#C0C0C0|Gold:#FFD700|MistyRose:#FFE4E1|Orchid:#DA70D6|DimGray:#696969|FloralWhite:#FFFAF0|Khaki:#F0E68C|RoyalBlue:#4169E1|MediumBlue:#0000CD|LightCoral:#F08080|LightSeaGreen:#20B2AA|LightYellow:#FFFFE0|Linen:#FAF0E6|MintCream:#F5FFFA|SlateGray:#708090|Wood:#DEB887|Lavender:#E6E6FA|PeachPuff:#FFDAB9|SandyBrown:#F4A460|SlateGray:#708090|LightSlateGrey:#778899|Apricot:#fbceb1|Chocolate:#7B3F00|Chestnutting:#954535|Sandy:#C2B280","product_color_skip":"01,02,03,04,05,06,07,08,09,10,11,12,13,14,15,16,17,18,19,20,21,22,23,24,25,26,27,28,29,30,31,32,33,34,35,36,37,38,39,40,41,42,43,44,45,46,47,48,49,50,51,52,53,54,55,56,57,58,59,60,61,62,63,64,65,66,67,68,69,70,71,72,73,74,75,76,77,78,79,80,81,82,83,84,85,86,87,10 2,A,B,C,D,E,F,G,H,I,J,K,L,M,N,O,P,Q,R,S,T,U,V,W,X,Y,Z,mix,Choose,Thick Fleece 1,Thick Fleece 2,Thick Fleece 3,Thick Fleece 4,Thick Fleece 5,Thick Fleece 6,Thick Fleece 7,Thick Fleece 8,Thick Fleece 9,Thick Fleece 10,Thick Fleece 11,Thick Fleece 12,Thick Fleece 13,Thick Fleece 14,Thick Fleece 15,Thick Fleece 16,Thick Fannel 1,Thick Fannel 2,Thick Fannel 3,Thick Fannel 4,thin Fleece 1,thin Fleece 2,thin Fleece 3,thin Fleece 4,thin Fleece 5,thin Fleece 6,thin Fannel 1,thin Fannel 2,thin Fannel 3,thin Fannel 4,Rabbit,Urban life,Rainforest,Wolf,Brave legend,SummerA,SummerH,SummerG,SummerD,SummerB,SummerF,SummerE,2021 HOT 1,2021 HOT 2,2021 HOT 3,2021 HOT 4,2021 HOT 5,2021 HOT 6,2021 HOT 7,2021 HOT 8,2021 HOT 9,2021 HOT 10,2021 HOT 11,2021 HOT 12,2021 HOT 13,2021 HOT 14,2021 HOT 11 2,no glue 1,no glue 2,Flame Series A,Flame Series B,Flame Series C,Flame Series D,2021 NEW 1,2021 NEW 2,2021 NEW 3,2021 NEW 4,2021 NEW 5,2021 NEW 6,2021 NEW 7,2021 NEW 8,2021 NEW 9,2021 NEW 10,2021 NEW 11,2021 NEW 12,2021 NEW 13,2021 NEW 14,2021 NEW 15,2021 NEW 16,2021 NEW 17,2021 NEW 18,2021 NEW 19,2021 NEW 20,2021 NEW 21,2021 NEW 22,2021 NEW 23,2021 NEW 24,2021 NEW 25,2021 NEW 26,2021 NEW 27,2021 NEW 28,2021 NEW 27 2,2021 NEW 16 2,4Pcs TA622-625,4Pcs TA627-630,4Pcs TA613-616,4Pcs TA618-621,4Pcs TA631-634,TA610,TA611,TA609,TA614,TA615,TA612,TA613,TA618,TA619,TA616,TA617,TA622,TA623,TA620,TA621,TA626,TA627,TA624,TA625,TA630,TA631,TA628,TA629,4Pcs TA609-612,TA632,TA633,SF179,SF180,SF183,SF184,4Pcs HB920-185,4Pcs SF179-184,SF187,HB920,HOT 1,HOT 2,HOT 3,Pattern 1,Pattern 2,Pattern 3,Pattern 4,Pattern 5,Pattern 6,Pattern 7,Pattern 8,Pattern 9,Pattern 10,Pattern 11,Pattern 12,Pattern 13,Pattern 14,Pattern 15,Pattern 16,Pattern 17,Pattern 18,Pattern 19,Pattern 20,Pattern 21,Pattern 22,Pattern 23,Pattern 24,Pattern 25,Pattern 26,Pattern 27,Pattern 28,Pattern 29,Pattern 30,Pattern 31,Pattern 32,Pattern 33,Pattern 34,Pattern 35,Pattern 19 2,Pattern 29 2,TLB105-belt Black,Velcro 10Z,Zipper 8C,Zipper 8R,Velcro 10H,Velcro 10C,Velcro 10R,Zipper 10R,Velcro 7T,Velcro 8R,Velcro 8H,Velcro 8C,Velcro 5C,Velcro5R,Velcro 6R,Velcro 6C,Velcro 6H,Velcro 10M,Velcro 7L,Velcro 7N,Velcro 5R,Velcro 4C,Zipper 10C,Zipper 10B,Velcro 8B,Velcro 8G,Children,Six Grids A,Six Grids B,Six Grids C,Six Grids D,Six Grids E,Six Grids F,Six Grids G,Six Grids H,Six Grids I,Eight Large Size A,Eight Large Size B,Eight Large Size C,Eight Large Size D,Eight Large Size E,Eight Large Size F,Eight Large Size G,Eight Large Size H,Eight Small Size A,Eight Small Size B,Eight Small Size C,Eight Small Size D,Eight Small Size E,Eight Small Size F,Eight Small Size G,Warm plush Beige,Black Plus Cotton","account_banner_1":"shopify:\/\/shop_images\/1_Account_720x_0e590ce9-0d15-4fee-a70b-f60d4345ff9a.jpg","account_banner_1_link":"shopify:\/\/pages\/contact","account_banner_2":"shopify:\/\/shop_images\/2_Account_720x_04af3041-02ad-4abb-822c-058124dceb44.jpg","account_banner_2_link":"shopify:\/\/collections\/all","social_twitter_link":"https:\/\/twitter.com\/shopify","social_facebook_link":"https:\/\/facebook.com\/shopify","social_pinterest_link":"","social_instagram_link":"http:\/\/instagram.com\/shopify","social_tiktok_link":"https:\/\/tiktok.com\/@shopify","social_tumblr_link":"","social_snapchat_link":"","social_youtube_link":"https:\/\/www.youtube.com\/shopify","social_vimeo_link":"","favicon":"shopify:\/\/shop_images\/oar4-favicon.png","currency_code_enabled":false,"color_content_bg_index":"#ffffff","product_title":"bottom","top-header-search-border":"#ffffff","top-header-search-text":"#91ad41","top-header-search-bg":"#ffffff","announcement-bar-text":"#fff","announcement-bar-bg":"#232222","layout":"box","header_style":"4","homepage_categories":false,"homepage_sidebar":false,"index_bottom1":false,"index_bottom2":false,"index_bottom3":false,"color_line_index":"#dcdcdc","color_btn_text_index":"#ffffff","color_product_hover_index":"#2874f0","coloritem":"#282828","font_misc":"'Poppins', sans-serif","color_product_line ":"#1123b7","color_body_bg":"#e1e1e1","color_copyright_link":"#ffffff","color_copyright_link_hover":"#75a500","color_button_text":"#ffffff","color_button_border":"#75a500","color_button_bg":"#75a500","type_body_font":"roboto_condensed_n4","type_header_font":"roboto_condensed_n4","color_caption_text1":"#101010","color_caption_text2":"#101010","color_btn_text5":"#f87733","color_btn_border5":"#f87733","color_btn_bg5":"rgba(0,0,0,0)","color_caption_btnnextprev_text":"#ffffff","color_caption_btnnextprev_bg":"#000000","color_bullet":"#ffffff","color_bullet_hover":"#f87733","color_sub":"#ee2c1f","color_altenative":"#f7f7f7","color_newlabel":"#84d8e3","color_bestlabel":"#e18694","color_deallabel":"#a0f68a","color_btn_text4":"#f87733","color_btn_border4":"#caccce","color_btn_bg4":"#ffffff","color_product_title_text_hover":"#f87733","color_btn_text2":"#ffffff","color_btn_border2":"#f87733","color_btn_bg2":"#f87733","color_tertiary":"#1a1a1a","color_product_description_text":"#ee2c1f","color_btn_text3":"#ffffff","color_btn_border3":"#f87733","color_btn_bg3":"#f87733","color_btn_text6":"#ffffff","color_btn_border6":"#ee2c1f","color_btn_bg6":"#ee2c1f","color_price_bg_detail":"#ffc03f","color_pagination_text":"#3a3a3a","color_pagination_border":"#efefef","color_pagination_border_hover":"#f76b6a","color_pagination_bg_hover":"#f76b6a","color_pricecart_text":"#393939","color_cartdropdown_text":"#393939","color_cartdropdown_border":"#efefef","color_cartdropdown_bg":"#ffffff","color_btnclose_text":"#ababab","color_btnclose_border":"#ffffff","color_btnclose_bg":"#ffffff","color_subnavigation_text":"#121212","color_subnavigation_text_hover":"#f87733","color_newletter_title_text":"#ffffff","color_newletter_text":"#ffffff","color_newletter_bg":"#ffffff","collection_image_upload":"shopify:\/\/shop_images\/banner_a603f010-061e-46e3-afcb-4bbaf8e8b177.png","collection_col_md":"2","collection_col_lg":"3","collection_listing_linklist":"category","collection_best_product":"beauty-cosmetics","collection_banner_image":"shopify:\/\/shop_images\/Categories_d1cd0d9d-e9c3-45c0-a225-4d487de84efe.png","sections":{"cart-modal":{"type":"cart-modal","settings":{"timeout":15,"upsell":true,"upsell_title":"Other customers also bought","collection":"all-collections","limit":"8","autoplay":true,"autoplay_speed":"5000","effect":"slide","space":15,"col":"3","col_sm":"3","col_md":"3","col_lg":"3","col_xl":"3","col_xxl":"3","navigation":true,"pagination":false}},"ajax-notification":{"type":"ajax-notification","settings":{"title":"Other customer are viewing","collection":"shop-left-sidebar","limit":"8","timeout":8}},"newsletter-popup":{"type":"newsletter-popup","blocks":{"f3afb05f-b363-4e2e-b383-e5c24f546deb":{"type":"paragraph","settings":{"paragraph":"<p>Be the firtst in the know by getting special deals and offers sent directly to your inbox<\/p>"}},"4e6cc4c5-fbed-46d4-9307-b5a87c7d77fd":{"type":"email_form","settings":{"placeholder":"Your email","action":"Sign Up"}},"95d1bf0a-9b4c-4b6d-a6c1-7be327d4bb83":{"type":"notification","settings":{"notification":"Don't show this popup again"}}},"block_order":["f3afb05f-b363-4e2e-b383-e5c24f546deb","4e6cc4c5-fbed-46d4-9307-b5a87c7d77fd","95d1bf0a-9b4c-4b6d-a6c1-7be327d4bb83"],"settings":{"title":"Newsletter!","image":"shopify:\/\/shop_images\/Popup_bg.jpg","popup_seconds":10,"popup_days":1}},"cookies-bar":{"type":"cookies-bar","settings":{"title":"This website uses cookies to ensure you get the best experience on our website.","action_text_1":"Learn more","action_link_1":"https:\/\/cookiesandyou.com","action_text_2":"GOT IT!","popup_seconds":0,"popup_days":5,"color_background":"#1c80fb","color_title":"#ffffff"}},"main-password-header":{"type":"main-password-header","settings":{"logo":"shopify:\/\/shop_images\/oar4-logo.webp","logo_width":150,"logo_mobile":"shopify:\/\/shop_images\/oar4-logo.webp","logo_mobile_width":150}},"main-password-footer":{"type":"main-password-footer","settings":{}},"theme-header":{"type":"theme-header","blocks":{"621084ae-a229-4789-8938-11d2613eecfa":{"type":"sub_menu","settings":{"title":"All Collections","col1_enable":true,"col1_column":"3","col1_link_title":"Smoothie","col1_link_list":"sample-link-1","col1_product_title":"","col1_product":"","col1_article":"","col1_html":"","col2_enable":true,"col2_column":"3","col2_link_title":"Vegetables","col2_link_list":"sample-link-2","col2_product_title":"","col2_product":"","col2_article":"","col2_html":"","col3_enable":true,"col3_column":"3","col3_link_title":"Shop Styles","col3_link_list":"sample-link-3","col3_product_title":"","col3_product":"","col3_article":"","col3_html":"","col4_enable":true,"col4_column":"3","col4_link_title":"Fruits","col4_link_list":"sample-link-1","col4_product_title":"","col4_product":"","col4_article":"","col4_html":"","col5_enable":false,"col5_column":"4","col5_link_title":"","col5_link_list":"","col5_product_title":"","col5_product":"","col5_article":"","col5_html":"","col6_enable":false,"col6_column":"4","col6_link_title":"","col6_link_list":"","col6_product_title":"","col6_product":"","col6_article":"","col6_html":""}},"ebbd5022-e536-485e-8c27-3eb95983329f":{"type":"sub_menu","settings":{"title":"Shop Layout","col1_enable":true,"col1_column":"3","col1_link_title":"Collection Styles","col1_link_list":"collection-styles","col1_product_title":"","col1_product":"","col1_article":"","col1_html":"","col2_enable":true,"col2_column":"3","col2_link_title":"Product Styles","col2_link_list":"product-styles","col2_product_title":"","col2_product":"","col2_article":"","col2_html":"","col3_enable":true,"col3_column":"2-4","col3_link_title":"Product Types","col3_link_list":"product-types","col3_product_title":"","col3_product":"","col3_article":"","col3_html":"","col4_enable":true,"col4_column":"2-4","col4_link_title":"","col4_link_list":"","col4_product_title":"","col4_product":"","col4_article":"","col4_html":"<a href=\"\/collections\/all\" class=\"col-image\">\n   <img srcset=\"https:\/\/cdn.shopify.com\/s\/files\/1\/0022\/4401\/8235\/files\/oars-mega-3.png?v=1653383190\" alt=\"\" class=\"lazyload\" loading=\"lazy\">\n<\/a>","col5_enable":false,"col5_column":"4","col5_link_title":"","col5_link_list":"","col5_product_title":"","col5_product":"","col5_article":"","col5_html":"","col6_enable":false,"col6_column":"4","col6_link_title":"","col6_link_list":"","col6_product_title":"","col6_product":"","col6_article":"","col6_html":""}},"4ad1d78b-0d2d-4178-95b5-42e5ab54f76f":{"type":"sub_menu","settings":{"title":"Pages","bkg":"shopify:\/\/shop_images\/oar3-pagemenu-bg.png","col1_enable":true,"col1_column":"3","col1_link_title":"","col1_link_list":"pages-1","col1_product_title":"","col1_product":"","col1_article":"","col1_html":"","col2_enable":true,"col2_column":"3","col2_link_title":"","col2_link_list":"pages-2","col2_product_title":"","col2_product":"","col2_article":"","col2_html":"","col3_enable":true,"col3_column":"3","col3_link_title":"","col3_link_list":"pages","col3_product_title":"","col3_product":"","col3_article":"","col3_html":"","col4_enable":true,"col4_column":"3","col4_link_title":"","col4_link_list":"","col4_product_title":"","col4_product":"","col4_article":"","col4_html":"<div class=\"dis_table\">\n          <div class=\"dis_tablecell\">\n            <div class=\"col-caption\">\n<span style=\"color: #000\" class=\"title\">\n\tCOME&amp; DISCOVER\n<\/span>\n<span style=\"color: #000\" class=\"content\">\n\tTHE NEW STYLE <\/span>\n<\/div>\n            <a class=\"button _btn\" href=\"\/collections\/all\">SHOP NOW<\/a>   \n          <\/div>          \n        <\/div>","col5_enable":false,"col5_column":"4","col5_link_title":"","col5_link_list":"","col5_product_title":"","col5_product":"","col5_article":"","col5_html":"","col6_enable":false,"col6_column":"4","col6_link_title":"","col6_link_list":"","col6_product_title":"","col6_product":"","col6_article":"","col6_html":""}},"242e50e9-6f78-417d-b2c9-fd8c7efdaae3":{"type":"sub_menu","settings":{"title":"Blogs","col1_enable":true,"col1_column":"3","col1_link_title":"Blog Styles","col1_link_list":"blog-styles","col1_product_title":"","col1_product":"","col1_article":"","col1_html":"","col2_enable":true,"col2_column":"3","col2_link_title":"Sample Link","col2_link_list":"sample-link-4","col2_product_title":"","col2_product":"","col2_article":"","col2_html":"","col3_enable":true,"col3_column":"2-4","col3_link_title":"","col3_link_list":"","col3_product_title":"","col3_product":"","col3_article":"news\/broad-bean-and-goats-cheese-bruschetta-4","col3_html":"","col4_enable":true,"col4_column":"2-4","col4_link_title":"","col4_link_list":"","col4_product_title":"","col4_product":"","col4_article":"smoothie\/cleansing-the-body-of-parasites-4","col4_html":"","col5_enable":false,"col5_column":"4","col5_link_title":"","col5_link_list":"","col5_product_title":"","col5_product":"","col5_article":"","col5_html":"","col6_enable":false,"col6_column":"4","col6_link_title":"","col6_link_list":"","col6_product_title":"","col6_product":"","col6_article":"","col6_html":""}}},"block_order":["621084ae-a229-4789-8938-11d2613eecfa","ebbd5022-e536-485e-8c27-3eb95983329f","4ad1d78b-0d2d-4178-95b5-42e5ab54f76f","242e50e9-6f78-417d-b2c9-fd8c7efdaae3"],"settings":{"logo":"shopify:\/\/shop_images\/oar4-logo.webp","logo_width":105,"logo_mobile":"shopify:\/\/shop_images\/oar4-logo.webp","logo_mobile_width":105,"contact_enable":true,"contact_title":"Welcome to Over Store","contact_subtitle":"Vivamus sagittis lacus vel augue laoreet rutrum faucibus dolor auctor maecenas.","show_social":true,"show_currency_selector":true,"search_type":true,"search_auto":true,"link_list":"main-menu","header_sticky":true}},"theme-footer":{"type":"theme-footer","blocks":{"d40d8543-7c5c-444a-a789-9f023af2c6fa":{"type":"contact","settings":{"image":"shopify:\/\/shop_images\/oar4-logo.webp","subtext":"Fusce dapibus, tellus ac cursus commodo, tortor mauris condimentum nibh.","location":"PO Box 16122 Collins Street West","phone":"111-222-3333","email":"support@kalathemes.com","show_social":true,"col_md":"12","col_lg":"4","col_xl":"4","col_xxl":"4"}},"5a98f702-37d5-4759-8d0f-67d058361c6c":{"type":"hours","settings":{"heading":"Opening Hours","midweek_title":"MON - FRI :","midweek_time":"08:00 am - 17:00 pm","weekend_title":"SAT - SUN :","weekend_time":"06:00 am - 11:30 am","col_md":"12","col_lg":"2","col_xl":"2","col_xxl":"2"}},"3f6796ab-66f4-49ef-a773-119689992309":{"type":"link_list","settings":{"heading":"Userful Links","linklist":"userful-links","col_md":"12","col_lg":"2","col_xl":"2","col_xxl":"2"}},"f4a60924-4c63-44ec-a95d-3d834792fb4a":{"type":"instagram","settings":{"heading":"Instagram","image_1":"shopify:\/\/shop_images\/oar4-in1.png","link_1":"","image_2":"shopify:\/\/shop_images\/oar4-in3.png","link_2":"","image_3":"shopify:\/\/shop_images\/oar4-in6.png","link_3":"","image_4":"shopify:\/\/shop_images\/oar4-in8.png","link_4":"","image_5":"shopify:\/\/shop_images\/oar4-in4.png","link_5":"","image_6":"shopify:\/\/shop_images\/oar4-in7.png","link_6":"","image_7":"shopify:\/\/shop_images\/oar4-in2.png","link_7":"","image_8":"shopify:\/\/shop_images\/oar4-in5.png","link_8":"","col_md":"12","col_lg":"4","col_xl":"4","col_xxl":"4"}},"d54df17d-188d-4c8e-a0c0-4e3375129cba":{"type":"service","settings":{"image":"shopify:\/\/shop_images\/1_5f920ac5-6735-421e-8710-8d89988e63e5.png","title":"Free Shipping","subtext":"With $100 or more orders. Go to Oars Store","col_md":"4","col_lg":"4","col_xl":"4","col_xxl":"4"}},"10ca929c-fece-4d01-85a4-3e4bc1fe32ba":{"type":"service","settings":{"image":"shopify:\/\/shop_images\/2_bb15b001-2971-4cf0-aad2-dd8a43420df6.png","title":"Secure Payment","subtext":"Sercure Confirmed","col_md":"4","col_lg":"4","col_xl":"4","col_xxl":"4"}},"682df6ca-68b9-46fc-b044-6f727b64def5":{"type":"service","settings":{"image":"shopify:\/\/shop_images\/3_4723f232-c791-45ed-873f-e9e0493c71ff.png","title":"Friendly Support","subtext":"Need help : <a href=\"tel:+1212498797\">+(12) 124 987 97<\/a>","col_md":"4","col_lg":"4","col_xl":"4","col_xxl":"4"}}},"block_order":["d40d8543-7c5c-444a-a789-9f023af2c6fa","5a98f702-37d5-4759-8d0f-67d058361c6c","3f6796ab-66f4-49ef-a773-119689992309","f4a60924-4c63-44ec-a95d-3d834792fb4a","d54df17d-188d-4c8e-a0c0-4e3375129cba","10ca929c-fece-4d01-85a4-3e4bc1fe32ba","682df6ca-68b9-46fc-b044-6f727b64def5"],"settings":{"service_enable":true,"menu_enable":true,"linklist":"footer"}},"index-slideshow-top":{"type":"index-slideshow-top","blocks":{"7c3135b4-c991-47c4-9296-946f652bf92b":{"type":"image","settings":{"background":"shopify:\/\/shop_images\/oar4-sl1.jpg","link":"shopify:\/\/collections\/all","entrance_effect":"fadeIn","exit_effect":"fadeOut","caption_position":"right-center","caption_align":"right","title":"","color_title_desktop":"#101010","subtitle":"","color_subtitle_desktop":"#8d8d99","description":"","color_description_desktop":"#8d8d99","action":"","caption_1":"shopify:\/\/shop_images\/oar4-1.png"}},"5857c655-54dc-41b1-9cc4-2b54bbcc8acf":{"type":"image","settings":{"background":"shopify:\/\/shop_images\/oar4-sl3.jpg","link":"shopify:\/\/collections\/all","entrance_effect":"fadeIn","exit_effect":"fadeOut","caption_position":"left-center","caption_align":"left","title":"","color_title_desktop":"#101010","subtitle":"","color_subtitle_desktop":"#8d8d99","description":"","color_description_desktop":"#8d8d99","action":"","caption_1":"shopify:\/\/shop_images\/oar4-2.png"}}},"block_order":["7c3135b4-c991-47c4-9296-946f652bf92b","5857c655-54dc-41b1-9cc4-2b54bbcc8acf"],"settings":{"display":"","layout":"container-fluid","effect":"slide","autoplay":true,"autoplay_speed":"7000","slideshow_width":1920,"slideshow_height":1079,"navigation":true,"color_navigation_text":"#ffffff","color_navigation_bkg":"#333333","pagination":false,"color_pagination":"#ffffff","color_pagination_hover":"#f87733","button_scroll":true}}},"content_for_index":[]}}