{"sections":{"16545698211c80b2e2":{"type":"index-welcome","settings":{"display":"","title":"Oars Meats Store","subtext":"Cras mattis consectetur purus sit amet fermentum. Aenean eu leo quam. lacinia quam venenatis vestibulum. Vivamus sagittis lacus vel augue laoreet rutrum faucibus dolor auctor. Duis mollis, est non commodo luctus, nisi erat porttitor ligula, eget lacinia odio sem nec elit.","bkg_image":"shopify:\/\/shop_images\/oar4-wellcome.png","bkg_color":"#f5f6fb"}},"1654569825b85c808b":{"type":"index-categories","blocks":{"694c11e5-abf1-4cc7-8a76-21899bd99a7c":{"type":"item","settings":{"collection":"fresh-beef-meat","title":"Fresh Beef Meat","count":true,"bkg_image":"shopify:\/\/shop_images\/oar4-i2.png","col":"12","col_sm":"12","col_md":"8","col_lg":"8","col_xl":"8","col_xxl":"8"}},"028c3b2e-06e6-42a5-a198-c752b184027a":{"type":"item","settings":{"collection":"fresh-pork-neck","title":"Fresh Pork Neck","count":true,"bkg_image":"shopify:\/\/shop_images\/oar4-i4_b38382c0-517c-4ca7-a04e-6b4a7a7a0204.png","col":"12","col_sm":"12","col_md":"4","col_lg":"4","col_xl":"4","col_xxl":"4"}},"c1123c84-191e-4145-951f-44fd255fe4a0":{"type":"item","settings":{"collection":"fresh-seafood","title":"Fresh Seafood","count":true,"bkg_image":"shopify:\/\/shop_images\/oar4-i5_34ee6835-a2c7-48df-bb80-4eccc9bb0ab5.png","col":"12","col_sm":"12","col_md":"4","col_lg":"4","col_xl":"4","col_xxl":"4"}},"d0a246ea-cfd1-483f-abd8-60766b3ae669":{"type":"item","settings":{"collection":"poultry-meat","title":"Poultry Meat","count":true,"bkg_image":"shopify:\/\/shop_images\/oar4-i6_1e9bc9cc-a1da-4654-98b1-8e976ab54e60.png","col":"12","col_sm":"12","col_md":"8","col_lg":"8","col_xl":"8","col_xxl":"8"}}},"block_order":["694c11e5-abf1-4cc7-8a76-21899bd99a7c","028c3b2e-06e6-42a5-a198-c752b184027a","c1123c84-191e-4145-951f-44fd255fe4a0","d0a246ea-cfd1-483f-abd8-60766b3ae669"],"settings":{"display":"","left_enable":true,"left_collection":"bulk-lamb-meat","left_title":"Bulk Lamb Meat","left_count":true,"left_bkg_image":"shopify:\/\/shop_images\/oar4-i1.png","left_col":"12","left_col_sm":"12","left_col_md":"12","left_col_lg":"4","left_col_xl":"4","left_col_xxl":"4","right_col":"12","right_col_sm":"12","right_col_md":"12","right_col_lg":"8","right_col_xl":"8","right_col_xxl":"8"}},"1654570740cbcc9dba":{"type":"index-collection-grid","settings":{"display":"","title":"Featured Products","sub_title":"Fresh Meats","subtext":"Cras mattis consectetur purus sit amet fermentum. Praesent commodo cursus magna, vel scelerisque nisl consectetur et.","collection":"bulk-lamb-meat","limit":"8","col":"2","col_sm":"2","col_md":"3","col_lg":"4","col_xl":"4","col_xxl":"4"}},"1652237161c7a16000":{"type":"index-testimonials","blocks":{"6fe2811c-af07-43c8-99b8-8927be553119":{"type":"testimonial","settings":{"image":"shopify:\/\/shop_images\/4_16f3a4b1-f9b4-4c4e-8ec4-3cb774d785f5.png","title":"Rosinante Vole","job":"Smoothie Bar","review":"Aenean lacinia bibendum nulla sed consectetur. Vestibulum id ligula porta felis euismod semper. Fusce dapibus, tellus ac cursus."}},"776371cb-dc51-4d36-8bba-08fdaebbb68d":{"type":"testimonial","settings":{"image":"shopify:\/\/shop_images\/3_61658a8b-367a-48c9-b0dc-6549829a4a1a.png","title":"Paul Walker","job":"Smoothie Bar","review":"Aenean lacinia bibendum nulla sed consectetur. Vestibulum id ligula porta felis euismod semper. Fusce dapibus, tellus ac cursus."}},"c56e1ba1-abbe-450a-805f-a2caf407f39c":{"type":"testimonial","settings":{"image":"shopify:\/\/shop_images\/2_0d3d4e06-cdc7-46ea-b2c5-59eb99c1e9a9.png","title":"William Dogtooh","job":"Farmer Store","review":"Aenean lacinia bibendum nulla sed consectetur. Vestibulum id ligula porta felis euismod semper. Fusce dapibus, tellus ac cursus."}},"4f283798-0fa6-4a00-8c7b-bc5e0fffc3f0":{"type":"testimonial","settings":{"image":"shopify:\/\/shop_images\/1_e412f149-b840-4d54-a7eb-fd96b4e569b0.png","title":"Zin’s Nguyen","job":"Smoothie Bar","review":"Aenean lacinia bibendum nulla sed consectetur. Vestibulum id ligula porta felis euismod semper. Fusce dapibus, tellus ac cursus."}},"00baa5b4-a105-4030-88b6-08cfc0720d94":{"type":"brand","settings":{"image":"shopify:\/\/shop_images\/oar2-b1.webp","image_hover":"shopify:\/\/shop_images\/1_rh.png","url":"shopify:\/\/collections\/all"}},"d0d00c53-30a4-4d2d-9771-c77ecf934bb7":{"type":"brand","settings":{"image":"shopify:\/\/shop_images\/oar2-b2.webp","image_hover":"shopify:\/\/shop_images\/2_rh.png","url":"shopify:\/\/collections\/all"}},"3e13a22c-f3a5-4480-991b-f12b4db23d4c":{"type":"brand","settings":{"image":"shopify:\/\/shop_images\/oar2-b3.webp","image_hover":"shopify:\/\/shop_images\/3_rh.png","url":"shopify:\/\/collections\/all"}},"c1f04358-f839-43f1-bd53-1e2dc3f945c8":{"type":"brand","settings":{"image":"shopify:\/\/shop_images\/oar2-b4.webp","image_hover":"shopify:\/\/shop_images\/4_rh.png","url":"shopify:\/\/collections\/all"}},"dd9b1ee0-143c-47d6-84e9-aaeb5b750fe6":{"type":"brand","settings":{"image":"shopify:\/\/shop_images\/oar2-b5.webp","image_hover":"shopify:\/\/shop_images\/5_rh.png","url":"shopify:\/\/collections\/all"}},"d2f0749d-e745-44f7-a37e-9967184556cb":{"type":"brand","settings":{"image":"shopify:\/\/shop_images\/oar2-b6.webp","image_hover":"shopify:\/\/shop_images\/6_rh.png","url":"shopify:\/\/collections\/all"}},"6a7e383b-b4bc-494d-bc33-0b2465560b2c":{"type":"brand","settings":{"image":"shopify:\/\/shop_images\/oar2-b1.webp","image_hover":"shopify:\/\/shop_images\/1_rh.png","url":"shopify:\/\/collections\/all"}},"3306d102-3d8c-4c64-b087-45af6fad69c4":{"type":"brand","settings":{"image":"shopify:\/\/shop_images\/oar2-b2.webp","image_hover":"shopify:\/\/shop_images\/2_rh.png","url":"shopify:\/\/collections\/all"}},"d7289b42-c54e-4ee2-8bf0-83df1e981df3":{"type":"brand","settings":{"image":"shopify:\/\/shop_images\/oar2-b3.webp","image_hover":"shopify:\/\/shop_images\/3_rh.png","url":"shopify:\/\/collections\/all"}},"6864caa1-3d4b-47f2-ac60-62c6da79333f":{"type":"brand","settings":{"image":"shopify:\/\/shop_images\/oar2-b4.webp","image_hover":"shopify:\/\/shop_images\/4_rh.png","url":"shopify:\/\/collections\/all"}}},"block_order":["6fe2811c-af07-43c8-99b8-8927be553119","776371cb-dc51-4d36-8bba-08fdaebbb68d","c56e1ba1-abbe-450a-805f-a2caf407f39c","4f283798-0fa6-4a00-8c7b-bc5e0fffc3f0","00baa5b4-a105-4030-88b6-08cfc0720d94","d0d00c53-30a4-4d2d-9771-c77ecf934bb7","3e13a22c-f3a5-4480-991b-f12b4db23d4c","c1f04358-f839-43f1-bd53-1e2dc3f945c8","dd9b1ee0-143c-47d6-84e9-aaeb5b750fe6","d2f0749d-e745-44f7-a37e-9967184556cb","6a7e383b-b4bc-494d-bc33-0b2465560b2c","3306d102-3d8c-4c64-b087-45af6fad69c4","d7289b42-c54e-4ee2-8bf0-83df1e981df3","6864caa1-3d4b-47f2-ac60-62c6da79333f"],"settings":{"display":"","testimonials_enable":true,"title":"What Our Customer Saying?","sub_title":"Testimonials","bkg_color":"#f7eee2","video_enable":true,"video_banner":"shopify:\/\/shop_images\/oar4-bn7.jpg","video_embed":"https:\/\/www.youtube.com\/embed\/RFxn9BLCgi4","brands_enable":true,"autoplay":true,"autoplay_speed":"5000","effect":"slide","space":0,"col":"3","col_sm":"4","col_md":"5","col_lg":"6","col_xl":"8","col_xxl":"10","navigation":false,"pagination":false}},"165223757597ec0d3f":{"type":"index-blog","settings":{"display":"","title":"Latest News From Blog","sub_title":"Our Blog News","subtext":"Cras mattis consectetur purus sit amet fermentum. Praesent commodo cursus magna, vel scelerisque nisl consectetur et.","select_blog":"news","limit":"3","col":"1","col_sm":"1","col_md":"1","col_lg":"3","col_xl":"3","col_xxl":"3"}},"165457085144a953b0":{"type":"index-newsletter","settings":{"display":"","image":"shopify:\/\/shop_images\/9.jpg","title":"Get 20% Discount Off","sub_title":"Cras mattis consectetur purus sit amet fermentum. Praesent vel scelerisque nisl consectetur et.","bkg_image":"shopify:\/\/shop_images\/2_5a16683a-d621-4f7f-8452-8e096c61916d.png","bkg_color":"#f5f6fb"}}},"order":["16545698211c80b2e2","1654569825b85c808b","1654570740cbcc9dba","1652237161c7a16000","165223757597ec0d3f","165457085144a953b0"]}