{"sections":{"main-page":{"type":"main-page","settings":{"title":true,"breadcrumbs":true,"padding-top-desktop":160,"padding-top-tablet":80,"padding-top-mobile":30,"background":"shopify:\/\/shop_images\/bkg-breadcrumbs.png"}},"main":{"type":"main-article","blocks":{"0fed2cab-ab9a-43e2-8654-85dc2c6f7a42":{"type":"blog-link-list","settings":{"title":"Category","position":"left_sidebar","link_list":"all-categories"}},"af9982ef-88ac-434c-b9e4-d6e80b04dfda":{"type":"blog-article","settings":{"title":"Recent Posts","position":"left_sidebar","blog":"news","limit":3}},"d3a7cb60-4426-4173-add4-862a33d18cf9":{"type":"blog-banner","settings":{"title":"","position":"left_sidebar","image":"shopify:\/\/shop_images\/oar1_banner1_540x_82a2f618-dbb8-4b38-a290-096add8b9998.png","link":"shopify:\/\/blogs\/news"}}},"block_order":["0fed2cab-ab9a-43e2-8654-85dc2c6f7a42","af9982ef-88ac-434c-b9e4-d6e80b04dfda","d3a7cb60-4426-4173-add4-862a33d18cf9"],"settings":{"sidebar":true,"article_blog":true,"article_author":true,"article_date":true,"article_image_size":"natural","article_share":true,"article_tags":true,"article_related":true,"article_related_title":"YOU MAY ALSO LIKE","autoplay":true,"autoplay_speed":"5000","effect":"slide","space":15,"col":"1","col_sm":"2","col_md":"2","col_lg":"3","col_xl":"3","col_xxl":"3","navigation":true,"pagination":true}}},"order":["main-page","main"]}