{"sections":{"162796165210cf81a9":{"type":"index-slideshow","blocks":{"1a45fce1-65db-4d0a-b8c5-b83786d19ab7":{"type":"image","settings":{"background":"shopify:\/\/shop_images\/oar1-sl2.jpg","link":"shopify:\/\/collections\/all","entrance_effect":"slideInRight","exit_effect":"slideOutLeft","caption_position":"right-center","caption_align":"left","title":"Oars Organic","color_title_desktop":"#91ad41","subtitle":"We introduction","color_subtitle_desktop":"#101010","description":"Maecenas sed diam eget risus posuere erat a ante venenatis dapibus posuere velit aliquet diam eget risus posuere.","color_description_desktop":"#8d8d99","action":"SHOP NOW"}},"c0114108-bf63-413a-ae35-d300e7d64016":{"type":"image","settings":{"background":"shopify:\/\/shop_images\/oar1-sl1.jpg","link":"shopify:\/\/collections\/all","entrance_effect":"slideInLeft","exit_effect":"bounceOut","caption_position":"left-center","caption_align":"left","title":"Oars Organic","color_title_desktop":"#91ad41","subtitle":"We introduction","color_subtitle_desktop":"#101010","description":"Maecenas sed diam eget risus posuere erat a ante venenatis dapibus posuere velit aliquet diam eget risus posuere.","color_description_desktop":"#8d8d99","action":"SHOP NOW"}}},"block_order":["1a45fce1-65db-4d0a-b8c5-b83786d19ab7","c0114108-bf63-413a-ae35-d300e7d64016"],"settings":{"display":"","layout":"container-fluid","effect":"slide","autoplay":false,"autoplay_speed":"6000","slideshow_width":1920,"slideshow_height":920,"navigation":true,"color_navigation_text":"#ffffff","color_navigation_bkg":"#525259","pagination":true,"color_pagination":"#ffffff","color_pagination_hover":"#91ad41"}},"16521046651037a960":{"type":"index-about","blocks":{"9471f58d-351b-448a-9c44-f842b237a37f":{"type":"item","settings":{"image":"shopify:\/\/shop_images\/1_e1e7f05f-b218-47fd-98c6-c349b8cf5e35.png","title":"Natural Farm","subtext":"Lorem ipsum dolor sit amet consectetur adipiscing elit felis euismod sempe.","col":"6","col_sm":"6","col_md":"6","col_lg":"3","col_xl":"3","col_xxl":"3"}},"f08ffd28-5767-4606-acff-7ec2b597125a":{"type":"item","settings":{"image":"shopify:\/\/shop_images\/2_c4f2e0a5-0660-44c2-9b98-3e7ba9b71803.png","title":"Healthy Food","subtext":"Lorem ipsum dolor sit amet consectetur adipiscing elit felis euismod sempe.","col":"6","col_sm":"6","col_md":"6","col_lg":"3","col_xl":"3","col_xxl":"3"}},"441c84be-27a6-401a-8e6d-64bd6ebe79af":{"type":"item","settings":{"image":"shopify:\/\/shop_images\/3_dfa25090-b17d-4660-8eab-d9cfce1b34e8.png","title":"Biologically Safe","subtext":"Lorem ipsum dolor sit amet consectetur adipiscing elit felis euismod sempe.","col":"6","col_sm":"6","col_md":"6","col_lg":"3","col_xl":"3","col_xxl":"3"}},"2c6b7b68-1930-45d9-a1a4-f9daa7e47b66":{"type":"item","settings":{"image":"shopify:\/\/shop_images\/4_524206e7-fa45-4c3d-bbd7-2736839a47be.png","title":"Biodiversity","subtext":"Lorem ipsum dolor sit amet consectetur adipiscing elit felis euismod sempe.","col":"6","col_sm":"6","col_md":"6","col_lg":"3","col_xl":"3","col_xxl":"3"}}},"block_order":["9471f58d-351b-448a-9c44-f842b237a37f","f08ffd28-5767-4606-acff-7ec2b597125a","441c84be-27a6-401a-8e6d-64bd6ebe79af","2c6b7b68-1930-45d9-a1a4-f9daa7e47b66"],"settings":{"display":"","title":"Who we are","sub_title":"About Us","subtext":"Cras mattis consectetur purus sit amet fermentum. Praesent commodo cursus magna, vel scelerisque nisl consectetur et."}},"1652104860a8fbd8a0":{"type":"index-core","blocks":{"29a71738-973c-45a5-98bb-1935f69a14a3":{"type":"item","settings":{"image":"shopify:\/\/shop_images\/n1.png","title":"Free Shipping","subtext":"With $100 or more orders. Go to Oars Store"}},"04c98d3f-2225-4874-8185-cfe9f625e72f":{"type":"item","settings":{"image":"shopify:\/\/shop_images\/n2.png","title":"100% Organic Certified","subtext":"100% Organic Cerfitifed Food & Textiles"}},"65f0de62-1198-46de-be22-607a762c7556":{"type":"item","settings":{"image":"shopify:\/\/shop_images\/n3.png","title":"Secure Payment","subtext":"Sercure Confirmed"}},"fba1d763-2a41-483e-bb6d-bef7d6029664":{"type":"item","settings":{"image":"shopify:\/\/shop_images\/n4.png","title":"Friendly Support","subtext":"Need help : +(12) 124 987 97"}}},"block_order":["29a71738-973c-45a5-98bb-1935f69a14a3","04c98d3f-2225-4874-8185-cfe9f625e72f","65f0de62-1198-46de-be22-607a762c7556","fba1d763-2a41-483e-bb6d-bef7d6029664"],"settings":{"display":"","title":"What is Oars Store?","sub_title":"Core Features","subtext":"Cras mattis consectetur purus sit amet fermentum. Praesent vel scelerisque nisl consectetur et.","banner":"shopify:\/\/shop_images\/2.png","background":"#f5fcf9"}},"1652105019d8b84b17":{"type":"index-process","blocks":{"e73649f5-4e1a-4577-a476-cb054159e86d":{"type":"item","settings":{"image":"shopify:\/\/shop_images\/p1.png","title":"Step 01.","subtext":"Integer posuere erat a ante venenatis dapibus posuere velit aliquet. Morbi leo risus, porta ac consectetur ac, vestibulum at eros.","bkg_image":"shopify:\/\/shop_images\/png1.png","bkg_color":"#59cca6","col":"12","col_sm":"6","col_md":"6","col_lg":"3","col_xl":"3","col_xxl":"3"}},"c37f7ca3-8ca8-4e54-8026-1affe710b1e4":{"type":"item","settings":{"image":"shopify:\/\/shop_images\/p2.png","title":"Step 02.","subtext":"Integer posuere erat a ante venenatis dapibus posuere velit aliquet. Morbi leo risus, porta ac consectetur ac, vestibulum at eros.","bkg_image":"shopify:\/\/shop_images\/png2.png","bkg_color":"#91ad41","col":"12","col_sm":"6","col_md":"6","col_lg":"3","col_xl":"3","col_xxl":"3"}},"a9404d6c-1330-46dd-8c62-92467f2233d2":{"type":"item","settings":{"image":"shopify:\/\/shop_images\/p3.png","title":"Step 03.","subtext":"Integer posuere erat a ante venenatis dapibus posuere velit aliquet. Morbi leo risus, porta ac consectetur ac, vestibulum at eros.","bkg_image":"shopify:\/\/shop_images\/png3.png","bkg_color":"#e3b375","col":"12","col_sm":"6","col_md":"6","col_lg":"3","col_xl":"3","col_xxl":"3"}},"1f69daad-56a8-47bd-8e20-461db12a2ebf":{"type":"item","settings":{"image":"shopify:\/\/shop_images\/p4.png","title":"Step 04.","subtext":"Integer posuere erat a ante venenatis dapibus posuere velit aliquet. Morbi leo risus, porta ac consectetur ac, vestibulum at eros.","bkg_image":"shopify:\/\/shop_images\/png4.png","bkg_color":"#ef7f94","col":"12","col_sm":"6","col_md":"6","col_lg":"3","col_xl":"3","col_xxl":"3"}}},"block_order":["e73649f5-4e1a-4577-a476-cb054159e86d","c37f7ca3-8ca8-4e54-8026-1affe710b1e4","a9404d6c-1330-46dd-8c62-92467f2233d2","1f69daad-56a8-47bd-8e20-461db12a2ebf"],"settings":{"display":""}},"165210551364276666":{"type":"index-collection-tab","blocks":{"16521055135773474e-0":{"type":"tab","settings":{"title":"ALL","collection":"all-collections"}},"16521055135773474e-1":{"type":"tab","settings":{"title":"SMOOTHIE","collection":"smoothie"}},"16521055135773474e-2":{"type":"tab","settings":{"title":"JUICES","collection":"juices"}},"16521055135773474e-3":{"type":"tab","settings":{"title":"VEGETABLES","collection":"vegetables"}},"16521055135773474e-4":{"type":"tab","settings":{"title":"TEA","collection":"tea"}}},"block_order":["16521055135773474e-0","16521055135773474e-1","16521055135773474e-2","16521055135773474e-3","16521055135773474e-4"],"settings":{"display":"","title":"Feature Products","sub_title":"Fresh Food","col_limit":6,"col":2,"col_sm_limit":6,"col_sm":2,"col_md_limit":6,"col_md":3,"col_lg_limit":6,"col_lg":3,"col_xl_limit":8,"col_xl":4,"col_xxl_limit":8,"col_xxl":4}},"16521055153f10afdb":{"type":"index-deal","settings":{"display":"","title":"Oars Store Offer 50% Off","sub_title":"Deal Of The Day","subtext":"Praesent commodo cursus magna, vel scelerisque nisl consectetur et. Cras mattis consectetur purus sit amet fermentum. Lorem ipsum dolor sit amet, consectetur adipiscing elit. Donec ullamcorper nulla non metus auctor fringilla. Nullam quis risus eget urna mollis ornare vel eu leo.","action":"VIEW MORE","link":"shopify:\/\/pages\/flash-deals","banner":"shopify:\/\/shop_images\/3_26fa487d-c592-4f6d-afe4-e2037865db87.png","bkg_image":"shopify:\/\/shop_images\/Oar-bg9.png","bkg_color":"#f5fcf9"}},"1652105716d7991cd1":{"type":"index-collection-col","blocks":{"165210571659a1d9ec-0":{"type":"col","settings":{"title":"Best Seller","sub_title":"Oars Organic","collection":"best-seller"}},"165210571659a1d9ec-1":{"type":"col","settings":{"title":"New Arrivals","sub_title":"Oars Organic","collection":"new-arrivals"}},"165210571659a1d9ec-2":{"type":"col","settings":{"title":"Top View","sub_title":"Oars Organic","collection":"top-view"}}},"block_order":["165210571659a1d9ec-0","165210571659a1d9ec-1","165210571659a1d9ec-2"],"settings":{"display":"","content_col":"1","content_col_sm":"1","content_col_md":"2","content_col_lg":"2","content_col_xl":"3","content_col_xxl":"3","limit":"8","autoplay":true,"autoplay_speed":"5000","effect":"slide","space":15,"row":4,"col":"1","col_sm":"1","col_md":"1","col_lg":"1","col_xl":"1","col_xxl":"1","navigation":true,"pagination":false}},"1652237161c7a16000":{"type":"index-testimonials","blocks":{"6fe2811c-af07-43c8-99b8-8927be553119":{"type":"testimonial","settings":{"image":"shopify:\/\/shop_images\/1_afd7521c-dba0-470c-89bd-00ba71180d2f.jpg","title":"Rosinante Vole","job":"Smoothie Bar","review":"Aenean lacinia bibendum nulla sed consectetur. Vestibulum id ligula porta felis euismod semper. Fusce dapibus, tellus ac cursus.","col":"12","col_sm":"12","col_md":"6","col_lg":"6","col_xl":"6","col_xxl":"6"}},"776371cb-dc51-4d36-8bba-08fdaebbb68d":{"type":"testimonial","settings":{"image":"shopify:\/\/shop_images\/2_e807b68a-ca8d-46fc-a6a7-487595a874a8.jpg","title":"Paul Walker","job":"Smoothie Bar","review":"Aenean lacinia bibendum nulla sed consectetur. Vestibulum id ligula porta felis euismod semper. Fusce dapibus, tellus ac cursus.","col":"12","col_sm":"12","col_md":"6","col_lg":"6","col_xl":"6","col_xxl":"6"}},"c56e1ba1-abbe-450a-805f-a2caf407f39c":{"type":"testimonial","settings":{"image":"shopify:\/\/shop_images\/4.jpg","title":"William Dogtooh","job":"Farmer Store","review":"Aenean lacinia bibendum nulla sed consectetur. Vestibulum id ligula porta felis euismod semper. Fusce dapibus, tellus ac cursus.","col":"12","col_sm":"12","col_md":"6","col_lg":"6","col_xl":"6","col_xxl":"6"}},"4f283798-0fa6-4a00-8c7b-bc5e0fffc3f0":{"type":"testimonial","settings":{"image":"shopify:\/\/shop_images\/3.jpg","title":"Zin’s Nguyen","job":"Smoothie Bar","review":"Aenean lacinia bibendum nulla sed consectetur. Vestibulum id ligula porta felis euismod semper. Fusce dapibus, tellus ac cursus.","col":"12","col_sm":"12","col_md":"6","col_lg":"6","col_xl":"6","col_xxl":"6"}},"00baa5b4-a105-4030-88b6-08cfc0720d94":{"type":"brand","settings":{"image":"shopify:\/\/shop_images\/1_8cc31712-1786-41f8-9e1c-bb1b17f3117b.png","image_hover":"shopify:\/\/shop_images\/h_1.png","url":"shopify:\/\/collections\/all"}},"d0d00c53-30a4-4d2d-9771-c77ecf934bb7":{"type":"brand","settings":{"image":"shopify:\/\/shop_images\/2_aa637bc0-6cab-46e8-bcf6-d8f64ef5cac3.png","image_hover":"shopify:\/\/shop_images\/h_2.png","url":"shopify:\/\/collections\/all"}},"3e13a22c-f3a5-4480-991b-f12b4db23d4c":{"type":"brand","settings":{"image":"shopify:\/\/shop_images\/3_67dce56f-083f-438e-91ac-dd1c08083f3a.png","image_hover":"shopify:\/\/shop_images\/h_3.png","url":"shopify:\/\/collections\/all"}},"c1f04358-f839-43f1-bd53-1e2dc3f945c8":{"type":"brand","settings":{"image":"shopify:\/\/shop_images\/4_3ab2b8e9-d77e-4d76-97c2-22a56e7f8100.png","image_hover":"shopify:\/\/shop_images\/h_4.png","url":"shopify:\/\/collections\/all"}},"dd9b1ee0-143c-47d6-84e9-aaeb5b750fe6":{"type":"brand","settings":{"image":"shopify:\/\/shop_images\/5_67e4e6a5-d82a-4334-9e2f-c9b09b9ce3f7.png","image_hover":"shopify:\/\/shop_images\/h_5.png","url":"shopify:\/\/collections\/all"}},"d2f0749d-e745-44f7-a37e-9967184556cb":{"type":"brand","settings":{"image":"shopify:\/\/shop_images\/6_ef8b1bba-7db9-437b-b12d-7afa7bfe9ca3.png","image_hover":"shopify:\/\/shop_images\/h_6.png","url":"shopify:\/\/collections\/all"}}},"block_order":["6fe2811c-af07-43c8-99b8-8927be553119","776371cb-dc51-4d36-8bba-08fdaebbb68d","c56e1ba1-abbe-450a-805f-a2caf407f39c","4f283798-0fa6-4a00-8c7b-bc5e0fffc3f0","00baa5b4-a105-4030-88b6-08cfc0720d94","d0d00c53-30a4-4d2d-9771-c77ecf934bb7","3e13a22c-f3a5-4480-991b-f12b4db23d4c","c1f04358-f839-43f1-bd53-1e2dc3f945c8","dd9b1ee0-143c-47d6-84e9-aaeb5b750fe6","d2f0749d-e745-44f7-a37e-9967184556cb"],"settings":{"display":"","bkg_image":"shopify:\/\/shop_images\/oar1-bg4.png","bkg_color":"#f7eee2","testimonials_enable":true,"title":"What Our Customer Saying?","sub_title":"Testimonials","subtext":"Cras mattis consectetur purus sit amet fermentum. Praesent commodo cursus magna, vel scelerisque nisl consectetur et.","brands_enable":true,"autoplay":true,"autoplay_speed":"5000","effect":"slide","space":15,"col":"2","col_sm":"3","col_md":"6","col_lg":"6","col_xl":"6","col_xxl":"6","navigation":true,"pagination":false}},"165223757597ec0d3f":{"type":"index-blog","settings":{"display":"","title":"Latest News From Blog","sub_title":"Our Blog News","subtext":"Cras mattis consectetur purus sit amet fermentum. Praesent commodo cursus magna, vel scelerisque nisl consectetur et.","select_blog":"smoothie","limit":"3","col":"1","col_sm":"1","col_md":"1","col_lg":"3","col_xl":"3","col_xxl":"3"}},"165223757911bb8215":{"type":"index-choose","blocks":{"9d9c5514-7829-43ea-9ba6-edcf116f0a2f":{"type":"item","settings":{"title":"Get creative with courgettes","subtext":"Ut fermentum massa justo sit amet risus tellus ac cursus commodo, tortor mauris condimentum nibh, ut fermentum massa."}},"cf7c6a1e-b6a0-4afb-8aec-84f65e12d3ce":{"type":"item","settings":{"title":"Italian style meatballs with courgette ‘tagliatelle’","subtext":"Aenean lacinia bibendum nulla sed consectetur. Vestibulum id ligula porta felis euismod semper. Fusce dapibus, tellus ac cursus."}},"08c88f5a-87e4-4949-915e-1e916e7218fb":{"type":"item","settings":{"title":"How to fillet round fish (mackerel, trout, etc.)","subtext":"Ut fermentum massa justo sit amet risus tellus ac cursus commodo, tortor mauris condimentum nibh, ut fermentum massa."}},"fa2366ef-1a3b-4e35-a3f9-528434a02fab":{"type":"item","settings":{"title":"Irish fish chowder with soda bread","subtext":"Aenean lacinia bibendum nulla sed consectetur. Vestibulum id ligula porta felis euismod semper. Fusce dapibus, tellus ac cursus."}},"4d001e72-87ce-4869-a0d9-a0d6e9b50bcb":{"type":"item","settings":{"title":"Equipment you will need for this technique","subtext":"Ut fermentum massa justo sit amet risus tellus ac cursus commodo, tortor mauris condimentum nibh, ut fermentum massa."}}},"block_order":["9d9c5514-7829-43ea-9ba6-edcf116f0a2f","cf7c6a1e-b6a0-4afb-8aec-84f65e12d3ce","08c88f5a-87e4-4949-915e-1e916e7218fb","fa2366ef-1a3b-4e35-a3f9-528434a02fab","4d001e72-87ce-4869-a0d9-a0d6e9b50bcb"],"settings":{"display":"","title":"Why we are the best","sub_title":"What is Oars Store?","subtext":"Cras mattis consectetur purus sit amet fermentum. Praesent vel scelerisque nisl consectetur et.","banner":"shopify:\/\/shop_images\/1_f56677a2-11f3-44b2-8538-f2c410fa1580.png","background":"#f5fcf9"}}},"order":["162796165210cf81a9","16521046651037a960","1652104860a8fbd8a0","1652105019d8b84b17","165210551364276666","16521055153f10afdb","1652105716d7991cd1","1652237161c7a16000","165223757597ec0d3f","165223757911bb8215"]}