{"sections":{"main":{"type":"main-page","settings":{"title":true,"breadcrumbs":true,"padding-top-desktop":160,"padding-top-tablet":80,"padding-top-mobile":30,"background":"shopify:\/\/shop_images\/bkg-breadcrumbs.png"}},"1653281227d24e75a2":{"type":"index-about","blocks":{"9471f58d-351b-448a-9c44-f842b237a37f":{"type":"item","settings":{"image":"shopify:\/\/shop_images\/1_e1e7f05f-b218-47fd-98c6-c349b8cf5e35.png","title":"Natural Farm","subtext":"Lorem ipsum dolor sit amet consectetur adipiscing elit felis euismod sempe.","col":"6","col_sm":"6","col_md":"6","col_lg":"3","col_xl":"3","col_xxl":"3"}},"f08ffd28-5767-4606-acff-7ec2b597125a":{"type":"item","settings":{"image":"shopify:\/\/shop_images\/2_c4f2e0a5-0660-44c2-9b98-3e7ba9b71803.png","title":"Healthy Food","subtext":"Lorem ipsum dolor sit amet consectetur adipiscing elit felis euismod sempe.","col":"6","col_sm":"6","col_md":"6","col_lg":"3","col_xl":"3","col_xxl":"3"}},"441c84be-27a6-401a-8e6d-64bd6ebe79af":{"type":"item","settings":{"image":"shopify:\/\/shop_images\/3_dfa25090-b17d-4660-8eab-d9cfce1b34e8.png","title":"Biologically Safe","subtext":"Lorem ipsum dolor sit amet consectetur adipiscing elit felis euismod sempe.","col":"6","col_sm":"6","col_md":"6","col_lg":"3","col_xl":"3","col_xxl":"3"}},"2c6b7b68-1930-45d9-a1a4-f9daa7e47b66":{"type":"item","settings":{"image":"shopify:\/\/shop_images\/4_524206e7-fa45-4c3d-bbd7-2736839a47be.png","title":"Biodiversity","subtext":"Lorem ipsum dolor sit amet consectetur adipiscing elit felis euismod sempe.","col":"6","col_sm":"6","col_md":"6","col_lg":"3","col_xl":"3","col_xxl":"3"}}},"block_order":["9471f58d-351b-448a-9c44-f842b237a37f","f08ffd28-5767-4606-acff-7ec2b597125a","441c84be-27a6-401a-8e6d-64bd6ebe79af","2c6b7b68-1930-45d9-a1a4-f9daa7e47b66"],"settings":{"display":"","title":"Who we are","sub_title":"About Us","subtext":"Cras mattis consectetur purus sit amet fermentum. Praesent commodo cursus magna, vel scelerisque nisl consectetur et."}},"165328129197295198":{"type":"index-core","blocks":{"29a71738-973c-45a5-98bb-1935f69a14a3":{"type":"item","settings":{"image":"shopify:\/\/shop_images\/n1.png","title":"Free Shipping","subtext":"With $100 or more orders. Go to Oars Store"}},"04c98d3f-2225-4874-8185-cfe9f625e72f":{"type":"item","settings":{"image":"shopify:\/\/shop_images\/n2.png","title":"100% Organic Certified","subtext":"100% Organic Cerfitifed Food & Textiles"}},"65f0de62-1198-46de-be22-607a762c7556":{"type":"item","settings":{"image":"shopify:\/\/shop_images\/n3.png","title":"Secure Payment","subtext":"Sercure Confirmed"}},"fba1d763-2a41-483e-bb6d-bef7d6029664":{"type":"item","settings":{"image":"shopify:\/\/shop_images\/n4.png","title":"Friendly Support","subtext":"Need help : +(12) 124 987 97"}}},"block_order":["29a71738-973c-45a5-98bb-1935f69a14a3","04c98d3f-2225-4874-8185-cfe9f625e72f","65f0de62-1198-46de-be22-607a762c7556","fba1d763-2a41-483e-bb6d-bef7d6029664"],"settings":{"display":"","title":"What is Oars Store?","sub_title":"Core Features","subtext":"Cras mattis consectetur purus sit amet fermentum. Praesent vel scelerisque nisl consectetur et.","banner":"shopify:\/\/shop_images\/2.png","background":"#f5fcf9"}},"1653281312e96fea76":{"type":"index-process","blocks":{"e73649f5-4e1a-4577-a476-cb054159e86d":{"type":"item","settings":{"image":"shopify:\/\/shop_images\/p1.png","title":"Step 01.","subtext":"Integer posuere erat a ante venenatis dapibus posuere velit aliquet. Morbi leo risus, porta ac consectetur ac, vestibulum at eros.","bkg_image":"shopify:\/\/shop_images\/png1.png","bkg_color":"#59cca6","col":"12","col_sm":"6","col_md":"6","col_lg":"3","col_xl":"3","col_xxl":"3"}},"c37f7ca3-8ca8-4e54-8026-1affe710b1e4":{"type":"item","settings":{"image":"shopify:\/\/shop_images\/p2.png","title":"Step 02.","subtext":"Integer posuere erat a ante venenatis dapibus posuere velit aliquet. Morbi leo risus, porta ac consectetur ac, vestibulum at eros.","bkg_image":"shopify:\/\/shop_images\/png2.png","bkg_color":"#91ad41","col":"12","col_sm":"6","col_md":"6","col_lg":"3","col_xl":"3","col_xxl":"3"}},"a9404d6c-1330-46dd-8c62-92467f2233d2":{"type":"item","settings":{"image":"shopify:\/\/shop_images\/p3.png","title":"Step 03.","subtext":"Integer posuere erat a ante venenatis dapibus posuere velit aliquet. Morbi leo risus, porta ac consectetur ac, vestibulum at eros.","bkg_image":"shopify:\/\/shop_images\/png3.png","bkg_color":"#e3b375","col":"12","col_sm":"6","col_md":"6","col_lg":"3","col_xl":"3","col_xxl":"3"}},"1f69daad-56a8-47bd-8e20-461db12a2ebf":{"type":"item","settings":{"image":"shopify:\/\/shop_images\/p4.png","title":"Step 04.","subtext":"Integer posuere erat a ante venenatis dapibus posuere velit aliquet. Morbi leo risus, porta ac consectetur ac, vestibulum at eros.","bkg_image":"shopify:\/\/shop_images\/png4.png","bkg_color":"#ef7f94","col":"12","col_sm":"6","col_md":"6","col_lg":"3","col_xl":"3","col_xxl":"3"}}},"block_order":["e73649f5-4e1a-4577-a476-cb054159e86d","c37f7ca3-8ca8-4e54-8026-1affe710b1e4","a9404d6c-1330-46dd-8c62-92467f2233d2","1f69daad-56a8-47bd-8e20-461db12a2ebf"],"settings":{"display":""}},"165328170132df8604":{"type":"index-team","blocks":{"1f368a6f-32e7-481d-8117-615f07908ffb":{"type":"staff","settings":{"image":"shopify:\/\/shop_images\/1_15a6d8f8-07bf-4158-b66d-e479b9d3d21e.png","name":"VERONICA ANLUZ","position":"Smoothie Bartender"}},"3d4bdbeb-435a-47bf-be70-e50d2046a349":{"type":"staff","settings":{"image":"shopify:\/\/shop_images\/2_06cb9ce2-35b0-4b1a-aa1f-447251b8fc5d.png","name":"JONNY MILLER","position":"Founder Oars Store"}},"50b8cbe4-74b6-4a35-8469-98f25dec6a0e":{"type":"staff","settings":{"image":"shopify:\/\/shop_images\/3_75f3963e-c066-49b6-b92c-7c248e435ae4.png","name":"KARREN GILLAN","position":"Senior UI\/UX Design"}},"af97fe92-d53d-412d-ba59-81ab399ddefd":{"type":"staff","settings":{"image":"shopify:\/\/shop_images\/4_a5da623e-37a9-48e0-8393-6c7c65c978b8.png","name":"DOMINIC PURSAY","position":"Developer"}}},"block_order":["1f368a6f-32e7-481d-8117-615f07908ffb","3d4bdbeb-435a-47bf-be70-e50d2046a349","50b8cbe4-74b6-4a35-8469-98f25dec6a0e","af97fe92-d53d-412d-ba59-81ab399ddefd"],"settings":{"display":"","title":"Do You Know About Teams?","sub_title":"Meet Our Team","subtext":"Cras mattis consectetur purus sit amet fermentum. Praesent commodo cursus magna, vel scelerisque nisl consectetur et.","autoplay":true,"autoplay_speed":"5000","effect":"slide","space":15,"col":"2","col_sm":"2","col_md":"3","col_lg":"4","col_xl":"4","col_xxl":"4","navigation":true,"pagination":false}},"1653281316fdccb8b8":{"type":"index-deal","settings":{"display":"","title":"Oars Store Offer 50% Off","sub_title":"Deal Of The Day","subtext":"Praesent commodo cursus magna, vel scelerisque nisl consectetur et. Cras mattis consectetur purus sit amet fermentum. Lorem ipsum dolor sit amet, consectetur adipiscing elit. Donec ullamcorper nulla non metus auctor fringilla. Nullam quis risus eget urna mollis ornare vel eu leo.","action":"VIEW MORE","link":"","banner":"shopify:\/\/shop_images\/3_26fa487d-c592-4f6d-afe4-e2037865db87.png","bkg_image":"shopify:\/\/shop_images\/Oar-bg9.png","bkg_color":"#f5fcf9"}}},"order":["main","1653281227d24e75a2","165328129197295198","1653281312e96fea76","165328170132df8604","1653281316fdccb8b8"]}