{"sections":{"1654740862c1697e72":{"type":"index-main","settings":{"display":"","title":"Wooden spoon with powdered matcha green tea.","sub_title":"We introduction","subtext":"Maecenas sed diam eget risus posuere erat a ante venenatis dapibus posuere velit aliquet diam eget risus posuere.","action":"VIEW COLLECTIONS","link":"shopify:\/\/collections\/shop-left-sidebar","transition":"slideleft","image":"shopify:\/\/shop_images\/1_df30b8bf-2a0b-4b39-9d6b-5fe60329422f.jpg"}},"16547408561f4af76c":{"type":"index-main","settings":{"display":"","title":"Belgian waffles with fresh raspberries","sub_title":"We introduction","subtext":"Maecenas sed diam eget risus posuere erat a ante venenatis dapibus posuere velit aliquet diam eget risus posuere.","action":"VIEW COLLECTIONS","link":"shopify:\/\/collections\/shop-list","transition":"slideleft","image":"shopify:\/\/shop_images\/2_2da73276-8dbd-4d8c-8950-999156b39661.jpg"}},"165474083937725aab":{"type":"index-main","settings":{"display":"","title":"Light salad with flying fresh fruits","sub_title":"We introduction","subtext":"Maecenas sed diam eget risus posuere erat a ante venenatis dapibus posuere velit aliquet diam eget risus posuere.","action":"VIEW COLLECTIONS","link":"shopify:\/\/collections\/shop-list-right-sidebar","transition":"slideleft","image":"shopify:\/\/shop_images\/3_f126ba68-0902-4dfd-a8a6-1e9e29a900bc.jpg"}},"1655451107a07e3e3a":{"type":"index-main","settings":{"display":"","title":"Fresh kiwi smoothie in old glass.","sub_title":"We introduction","subtext":"Maecenas sed diam eget risus posuere erat a ante venenatis dapibus posuere velit aliquet diam eget risus posuere.","action":"VIEW COLLECTIONS","link":"shopify:\/\/collections\/shop-right-sidebar","transition":"slideleft","image":"shopify:\/\/shop_images\/oar6-bg4.jpg"}},"16554511336af2b7e1":{"type":"index-main","settings":{"display":"","title":"Small air plant pot with water drop","sub_title":"We introduction","subtext":"Maecenas sed diam eget risus posuere erat a ante venenatis dapibus posuere velit aliquet diam eget risus posuere.","action":"VIEW COLLECTIONS","link":"shopify:\/\/collections\/collection-styles","transition":"slideleft","image":"shopify:\/\/shop_images\/oar6-5.jpg"}},"16554511516ba0570b":{"type":"index-main","settings":{"display":"","title":"Organic fruit popsicles. Tasty homemade blueberries ice cream.","sub_title":"We introduction","subtext":"Maecenas sed diam eget risus posuere erat a ante venenatis dapibus posuere velit aliquet diam eget risus posuere.","action":"VIEW COLLECTIONS","link":"shopify:\/\/collections\/shop-left-sidebar","transition":"slideleft","image":"shopify:\/\/shop_images\/oar6-6.webp"}}},"order":["1654740862c1697e72","16547408561f4af76c","165474083937725aab","1655451107a07e3e3a","16554511336af2b7e1","16554511516ba0570b"]}