{"sections":{"main-page":{"type":"main-page","settings":{"title":true,"breadcrumbs":true,"padding-top-desktop":160,"padding-top-tablet":80,"padding-top-mobile":30,"background":"shopify:\/\/shop_images\/oar3-bk.webp"}},"main-collection":{"type":"main-collection-sub","blocks":{"68a28fe5-c7df-4631-85e3-e15a6859c9f8":{"type":"slider-images","settings":{"display":"","autoplay":true,"autoplay_speed":"5000","effect":"slide","navigation":true,"pagination":true,"collection_1_title":"Collection Styles","collection_1_image_1":"shopify:\/\/shop_images\/oars-collbanner-2.png","collection_1_image_2":"shopify:\/\/shop_images\/oars-collbanner-1.png","collection_1_image_3":"shopify:\/\/shop_images\/oars-collbanner-3.png","collection_6_title":"","collection_7_title":"","collection_8_title":"","collection_9_title":"","collection_10_title":""}},"b1dff8f9-5b80-47d7-a401-b355f63072ef":{"type":"product-listing","settings":{"title":"Categories","position":"left_sidebar","display":"","listing_linklist":"all-categories"}},"57196a96-5532-4741-8c4f-e492aef8d2f0":{"type":"product-collection","settings":{"title":"Best Sale","position":"left_sidebar","display":"","collection":"best-seller","limit":"3","slidable":false,"autoplay":true,"autoplay_speed":"5000","effect":"slide","space":15,"col":"1","col_sm":"1","col_md":"1","col_lg":"1","col_xl":"1","col_xxl":"1","row":1,"navigation":true,"pagination":true}},"7163c714-93f7-4219-ad71-3689bb92e91b":{"type":"product-banner","settings":{"title":"","position":"left_sidebar","display":"d-none d-md-block","image":"shopify:\/\/shop_images\/oar1-banner-ads.png","link":"shopify:\/\/collections\/all","effect":"zoom"}}},"block_order":["68a28fe5-c7df-4631-85e3-e15a6859c9f8","b1dff8f9-5b80-47d7-a401-b355f63072ef","57196a96-5532-4741-8c4f-e492aef8d2f0","7163c714-93f7-4219-ad71-3689bb92e91b"],"settings":{"collection_title":true,"collection_image":true,"collection_image_slider":true,"collection_description":true,"count":true,"action":"View More","collection_image_size":"square","col":"2","col_sm":"2","col_md":"2","col_lg":"3","col_xl":"3","col_xxl":"3"}}},"order":["main-page","main-collection"]}