{"sections":{"162796165210cf81a9":{"type":"index-slideshow","blocks":{"1a45fce1-65db-4d0a-b8c5-b83786d19ab7":{"type":"image","settings":{"background":"shopify:\/\/shop_images\/oar3-sl2.webp","link":"shopify:\/\/collections\/all","entrance_effect":"fadeIn","exit_effect":"fadeOut","caption_position":"left-center","caption_align":"left","title":"","color_title_desktop":"#91ad41","subtitle":"","color_subtitle_desktop":"#101010","description":"","color_description_desktop":"#8d8d99","action":"","caption_1":"shopify:\/\/shop_images\/oar3-slider-2_right.png"}},"c0114108-bf63-413a-ae35-d300e7d64016":{"type":"image","settings":{"background":"shopify:\/\/shop_images\/oar3-sl2.jpg","link":"shopify:\/\/collections\/all","entrance_effect":"fadeIn","exit_effect":"fadeOut","caption_position":"middle-center","caption_align":"center","title":"","color_title_desktop":"#91ad41","subtitle":"","color_subtitle_desktop":"#101010","description":"","color_description_desktop":"#8d8d99","action":"","caption_1":"shopify:\/\/shop_images\/oar3-sl1-cap.png"}}},"block_order":["1a45fce1-65db-4d0a-b8c5-b83786d19ab7","c0114108-bf63-413a-ae35-d300e7d64016"],"settings":{"display":"d-none d-md-block","layout":"container-fluid","effect":"slide","autoplay":true,"autoplay_speed":"6000","slideshow_width":1920,"slideshow_height":920,"navigation":true,"color_navigation_text":"#ffffff","color_navigation_bkg":"#525259","pagination":false,"color_pagination":"#ffffff","color_pagination_hover":"#91ad41","button_scroll":true}},"1654491860a0921b60":{"type":"index-slideshow","blocks":{"230db76e-0f25-419b-88f8-85eb53fbb343":{"type":"image","settings":{"background":"shopify:\/\/shop_images\/oar3-sl1-m.png","link":"shopify:\/\/collections\/all","entrance_effect":"fadeIn","exit_effect":"fadeOut","caption_position":"left-center","caption_align":"left","title":"","color_title_desktop":"#101010","subtitle":"","color_subtitle_desktop":"#8d8d99","description":"","color_description_desktop":"#8d8d99","action":"","caption_1":"shopify:\/\/shop_images\/oar3-slider-2_right-m_380076fb-2415-4254-9486-c3f2f181fccc.png"}},"d667e23b-c3ff-4129-b7e0-d3fbb9528a63":{"type":"image","settings":{"background":"shopify:\/\/shop_images\/oar3-sl2-m.png","link":"shopify:\/\/collections\/all","entrance_effect":"fadeIn","exit_effect":"fadeOut","caption_position":"middle-center","caption_align":"center","title":"","color_title_desktop":"#101010","subtitle":"","color_subtitle_desktop":"#8d8d99","description":"","color_description_desktop":"#8d8d99","action":"","caption_1":"shopify:\/\/shop_images\/oar3-sl1-cap-m.png"}}},"block_order":["230db76e-0f25-419b-88f8-85eb53fbb343","d667e23b-c3ff-4129-b7e0-d3fbb9528a63"],"settings":{"display":"d-block d-md-none","layout":"container-fluid","effect":"slide","autoplay":true,"autoplay_speed":"5000","slideshow_width":767,"slideshow_height":368,"navigation":true,"color_navigation_text":"#ffffff","color_navigation_bkg":"#525259","pagination":true,"color_pagination":"#ffffff","color_pagination_hover":"#91ad41","button_scroll":false}},"165415673556e94f58":{"type":"index-categories","blocks":{"fdd5b619-3819-4b5b-b8d2-d803abe5cd92":{"type":"item","settings":{"title":"Fresh Vegetables","subtext":"Integer posuere erat a ante venenatis dapibus posuere velit aliquet. \nMorbi leo risus, porta ac consectetur ac, vestibulum at eros.","action":"SHOP NOW","link":"shopify:\/\/collections\/fresh-vegetables","bkg_image":"shopify:\/\/shop_images\/oar3-bn1.webp","bkg_color":"#59cca6","text_color":"#ffffff","btn_text_color":"#ffffff","btn_border_color":"#000000","btn_bkg_color":"#000000","col":"12","col_sm":"6","col_md":"6","col_lg":"3","col_xl":"3","col_xxl":"3"}},"50f4f0a0-11b1-4310-8200-a51d565c0292":{"type":"item","settings":{"title":"Smoothies","subtext":"Integer posuere erat a ante venenatis dapibus posuere velit aliquet. \nMorbi leo risus, porta ac consectetur ac, vestibulum at eros.","action":"SHOP NOW","link":"shopify:\/\/collections\/smoothies","bkg_image":"shopify:\/\/shop_images\/oar3-bn2.webp","bkg_color":"#91ad41","text_color":"#ffffff","btn_text_color":"#ffffff","btn_border_color":"#000000","btn_bkg_color":"#000000","col":"12","col_sm":"6","col_md":"6","col_lg":"3","col_xl":"3","col_xxl":"3"}},"b03185b0-b5e7-4d95-af84-66513510e41f":{"type":"item","settings":{"title":"Fresh Raw Meats","subtext":"Integer posuere erat a ante venenatis dapibus posuere velit aliquet. \nMorbi leo risus, porta ac consectetur ac, vestibulum at eros.","action":"SHOP NOW","link":"shopify:\/\/collections\/fresh-raw-meats","bkg_image":"shopify:\/\/shop_images\/oar3-bn3.webp","bkg_color":"#e3b375","text_color":"#ffffff","btn_text_color":"#ffffff","btn_border_color":"#000000","btn_bkg_color":"#000000","col":"12","col_sm":"6","col_md":"6","col_lg":"3","col_xl":"3","col_xxl":"3"}},"a2bae28a-1946-481d-926f-dadc5a313a47":{"type":"item","settings":{"title":"Fruits","subtext":"Integer posuere erat a ante venenatis dapibus posuere velit aliquet. \nMorbi leo risus, porta ac consectetur ac, vestibulum at eros.","action":"SHOP NOW","link":"shopify:\/\/collections\/fruits","bkg_image":"shopify:\/\/shop_images\/oar3-4.webp","bkg_color":"#ef7f94","text_color":"#ffffff","btn_text_color":"#ffffff","btn_border_color":"#000000","btn_bkg_color":"#000000","col":"12","col_sm":"6","col_md":"6","col_lg":"3","col_xl":"3","col_xxl":"3"}}},"block_order":["fdd5b619-3819-4b5b-b8d2-d803abe5cd92","50f4f0a0-11b1-4310-8200-a51d565c0292","b03185b0-b5e7-4d95-af84-66513510e41f","a2bae28a-1946-481d-926f-dadc5a313a47"],"settings":{"display":""}},"1652104860a8fbd8a0":{"type":"index-core","blocks":{"65f0de62-1198-46de-be22-607a762c7556":{"type":"item","settings":{"image":"shopify:\/\/shop_images\/n2.png","title":"100% Natural","subtext":"Maecenas sed diam eget risus varius blandit sit amet non magna\nlorem ipsum dolor.","col":"12","col_sm":"6","col_md":"6","col_lg":"4","col_xl":"4","col_xxl":"4"}},"fba1d763-2a41-483e-bb6d-bef7d6029664":{"type":"item","settings":{"image":"shopify:\/\/shop_images\/1_f2ff72e0-a67f-4b32-b33f-7b2298f03914.png","title":"Healthy Food","subtext":"Maecenas sed diam eget risus varius blandit sit amet non magna\nlorem ipsum dolor.","col":"12","col_sm":"6","col_md":"6","col_lg":"4","col_xl":"4","col_xxl":"4"}},"f081a312-5a89-43ae-b198-8ed871ba6b6e":{"type":"item","settings":{"image":"shopify:\/\/shop_images\/2_52db521a-29f6-406a-8631-104ff213f808.png","title":"Always Fresh","subtext":"Maecenas sed diam eget risus varius blandit sit amet non magna\nlorem ipsum dolor.","col":"12","col_sm":"6","col_md":"6","col_lg":"4","col_xl":"4","col_xxl":"4"}},"c7d99909-cb34-4335-aa77-f801af8fba7d":{"type":"item","settings":{"image":"shopify:\/\/shop_images\/n1.png","title":"Free Shipping","subtext":"Maecenas sed diam eget risus varius blandit sit amet non magna\nlorem ipsum dolor.","col":"12","col_sm":"6","col_md":"6","col_lg":"4","col_xl":"4","col_xxl":"4"}},"f3bcb349-782f-455e-bd02-a455c59dd8e4":{"type":"item","settings":{"image":"shopify:\/\/shop_images\/n3.png","title":"Secure Payment","subtext":"Maecenas sed diam eget risus varius blandit sit amet non magna\nlorem ipsum dolor.","col":"12","col_sm":"6","col_md":"6","col_lg":"4","col_xl":"4","col_xxl":"4"}},"bd50f1c6-c246-4dbf-8c57-bc0237054448":{"type":"item","settings":{"image":"shopify:\/\/shop_images\/n4.png","title":"Friendly Support","subtext":"Maecenas sed diam eget risus varius blandit sit amet non magna\nlorem ipsum dolor.","col":"12","col_sm":"6","col_md":"6","col_lg":"4","col_xl":"4","col_xxl":"4"}}},"block_order":["65f0de62-1198-46de-be22-607a762c7556","fba1d763-2a41-483e-bb6d-bef7d6029664","f081a312-5a89-43ae-b198-8ed871ba6b6e","c7d99909-cb34-4335-aa77-f801af8fba7d","f3bcb349-782f-455e-bd02-a455c59dd8e4","bd50f1c6-c246-4dbf-8c57-bc0237054448"],"settings":{"display":"","title":"Natural Taste From The Farm!","sub_title":"Best Organic Store","subtext":"Cras mattis consectetur purus sit amet fermentum. Praesent commodo cursus magna, vel scelerisque nisl consectetur et.","banner":"shopify:\/\/shop_images\/oar3-bn1111.webp"}},"16521055153f10afdb":{"type":"index-deal","settings":{"display":"","title":"Oars Store Offer 50% Off","sub_title":"Deal Of The Day","subtext":"Praesent commodo cursus magna, vel scelerisque nisl consectetur et. Cras mattis consectetur purus sit amet fermentum. Lorem ipsum dolor sit amet, consectetur adipiscing elit. Donec ullamcorper nulla non metus auctor fringilla. Nullam quis risus eget urna mollis ornare vel eu leo.","action":"VIEW MORE","link":"","banner":"shopify:\/\/shop_images\/3_b3d7a7b7-a919-4823-9023-f5aa3aff5d4d.png","bkg_image":"shopify:\/\/shop_images\/bg9.png","bkg_color":"#f5fcf9"}},"165210551364276666":{"type":"index-collection-tab","blocks":{"16521055135773474e-0":{"type":"tab","settings":{"title":"ALL","collection":"fresh-raw-meats"}},"16521055135773474e-1":{"type":"tab","settings":{"title":"SMOOTHIE","collection":"smoothies"}},"16521055135773474e-2":{"type":"tab","settings":{"title":"JUICES","collection":"juices"}},"16521055135773474e-3":{"type":"tab","settings":{"title":"VEGETABLES","collection":"vegetables"}},"16521055135773474e-4":{"type":"tab","settings":{"title":"TEA","collection":"tea"}}},"block_order":["16521055135773474e-0","16521055135773474e-1","16521055135773474e-2","16521055135773474e-3","16521055135773474e-4"],"settings":{"display":"","title":"Feature Products","sub_title":"Fresh Food","col_limit":6,"col":2,"col_sm_limit":6,"col_sm":2,"col_md_limit":6,"col_md":3,"col_lg_limit":6,"col_lg":3,"col_xl_limit":8,"col_xl":4,"col_xxl_limit":8,"col_xxl":4}},"1654156929a3b02612":{"type":"index-exclusive","settings":{"display":"","title":"Exclusive Products","sub_title":"Only On Oars Store","subtext":"Cras mattis consectetur purus sit amet fermentum. Praesent vel scelerisque nisl consectetur et.","collection":"fresh-raw-meats","limit":"4","banner":"shopify:\/\/shop_images\/5.png","background":"#f7eee2","bkg_image":"shopify:\/\/shop_images\/bg1.jpg"}},"1654157207a5f32156":{"type":"index-team","blocks":{"1520afd4-4640-4dc3-a221-350095167bc7":{"type":"staff","settings":{"image":"shopify:\/\/shop_images\/1_e412f149-b840-4d54-a7eb-fd96b4e569b0.png","name":"VERONICA ANLUZ","position":"Smoothie Bartender"}},"f53cb09e-ca58-4531-8727-70356d4789dc":{"type":"staff","settings":{"image":"shopify:\/\/shop_images\/2_0d3d4e06-cdc7-46ea-b2c5-59eb99c1e9a9.png","name":"JONNY MILLER","position":"Founder Oars Store"}},"bda1e256-fa6a-4be2-9fb6-55795e779e3b":{"type":"staff","settings":{"image":"shopify:\/\/shop_images\/3_61658a8b-367a-48c9-b0dc-6549829a4a1a.png","name":"KARREN GILLAN","position":"Senior UI\/UX Design"}},"4c0686a5-a756-40bc-bbee-418a1b22ced1":{"type":"staff","settings":{"image":"shopify:\/\/shop_images\/4_16f3a4b1-f9b4-4c4e-8ec4-3cb774d785f5.png","name":"DOMINIC PURSAY","position":"Developer"}}},"block_order":["1520afd4-4640-4dc3-a221-350095167bc7","f53cb09e-ca58-4531-8727-70356d4789dc","bda1e256-fa6a-4be2-9fb6-55795e779e3b","4c0686a5-a756-40bc-bbee-418a1b22ced1"],"settings":{"display":"","title":"Do You Know About Teams?","sub_title":"Meet Our Team","subtext":"Cras mattis consectetur purus sit amet fermentum. Praesent commodo cursus magna, vel scelerisque nisl consectetur et.","autoplay":true,"autoplay_speed":"5000","effect":"slide","space":15,"col":"2","col_sm":"2","col_md":"3","col_lg":"4","col_xl":"4","col_xxl":"4","navigation":true,"pagination":true}},"1652237161c7a16000":{"type":"index-testimonials","blocks":{"6fe2811c-af07-43c8-99b8-8927be553119":{"type":"testimonial","settings":{"image":"shopify:\/\/shop_images\/1_ec3cb558-de83-4f51-832f-5d0ec42fd4b5.png","title":"Rosinante Vole","job":"Smoothie Bar","review":"Aenean lacinia bibendum nulla sed consectetur. Vestibulum id ligula porta felis euismod semper. Fusce dapibus, tellus ac cursus."}},"776371cb-dc51-4d36-8bba-08fdaebbb68d":{"type":"testimonial","settings":{"image":"shopify:\/\/shop_images\/4.jpg","title":"Paul Walker","job":"Smoothie Bar","review":"Aenean lacinia bibendum nulla sed consectetur. Vestibulum id ligula porta felis euismod semper. Fusce dapibus, tellus ac cursus."}},"c56e1ba1-abbe-450a-805f-a2caf407f39c":{"type":"testimonial","settings":{"image":"shopify:\/\/shop_images\/2.jpg","title":"William Dogtooh","job":"Farmer Store","review":"Aenean lacinia bibendum nulla sed consectetur. Vestibulum id ligula porta felis euismod semper. Fusce dapibus, tellus ac cursus."}},"4f283798-0fa6-4a00-8c7b-bc5e0fffc3f0":{"type":"testimonial","settings":{"image":"shopify:\/\/shop_images\/3.jpg","title":"Zin’s Nguyen","job":"Smoothie Bar","review":"Aenean lacinia bibendum nulla sed consectetur. Vestibulum id ligula porta felis euismod semper. Fusce dapibus, tellus ac cursus."}},"a6fa8386-e1b0-48b7-8c0f-a3505664f554":{"type":"testimonial","settings":{"image":"shopify:\/\/shop_images\/4_16f3a4b1-f9b4-4c4e-8ec4-3cb774d785f5.png","title":"michael walker","job":"Social Marketing","review":"It is a long established fact that a reader will be distracted by the readable content of a page when looking at its layout."}},"2db6249f-4f96-4b42-a6d9-bc41807edb41":{"type":"testimonial","settings":{"image":"shopify:\/\/shop_images\/2_0d3d4e06-cdc7-46ea-b2c5-59eb99c1e9a9.png","title":"albert huynaya","job":"Smoothie Bartender","review":"It is a long established fact that a reader will be distracted by the readable content of a page when looking at its layout."}},"5eed58fc-9e9a-46e4-bddc-ed92f0c81a2d":{"type":"testimonial","settings":{"image":"shopify:\/\/shop_images\/3_61658a8b-367a-48c9-b0dc-6549829a4a1a.png","title":"michael walker","job":"Smoothie Bartender","review":"It is a long established fact that a reader will be distracted by the readable content of a page when looking at its layout."}},"d950d0bd-85dc-4e25-904a-9c7bc7c49c50":{"type":"testimonial","settings":{"image":"shopify:\/\/shop_images\/1_2656ee0e-6257-4d51-b716-cdea7a6c4d49.jpg","title":"michael walker","job":"Farmer","review":"It is a long established fact that a reader will be distracted by the readable content of a page when looking at its layout."}}},"block_order":["6fe2811c-af07-43c8-99b8-8927be553119","776371cb-dc51-4d36-8bba-08fdaebbb68d","c56e1ba1-abbe-450a-805f-a2caf407f39c","4f283798-0fa6-4a00-8c7b-bc5e0fffc3f0","a6fa8386-e1b0-48b7-8c0f-a3505664f554","2db6249f-4f96-4b42-a6d9-bc41807edb41","5eed58fc-9e9a-46e4-bddc-ed92f0c81a2d","d950d0bd-85dc-4e25-904a-9c7bc7c49c50"],"settings":{"display":"","bkg_image":"shopify:\/\/shop_images\/bg3.jpg","title":"What Our Customer Saying?","color_title":"#ffffff","sub_title":"Testimonials","subtext":"Cras mattis consectetur purus sit amet fermentum. Praesent commodo cursus magna, vel scelerisque nisl consectetur et.","autoplay":false,"autoplay_speed":"5000","effect":"slide","space":15,"row":2,"col":"1","col_sm":"1","col_md":"2","col_lg":"2","col_xl":"2","col_xxl":"2","navigation":false,"pagination":true}},"165223757597ec0d3f":{"type":"index-blog","settings":{"display":"","title":"Latest News From Blog","sub_title":"Our Blog News","subtext":"Cras mattis consectetur purus sit amet fermentum. Praesent commodo cursus magna, vel scelerisque nisl consectetur et.","select_blog":"news","limit":"3","col":"1","col_sm":"1","col_md":"1","col_lg":"3","col_xl":"3","col_xxl":"3"}},"16541572555e3d42e9":{"type":"index-newsletter","settings":{"display":"","title":"Subscribe Newsletter","sub_title":"Subscribe","background_left":"shopify:\/\/shop_images\/oar3-newletter-bg1.png","background_right":"shopify:\/\/shop_images\/oar3-newletter-bg2.webp"}},"165223757911bb8215":{"type":"index-choose","blocks":{"9d9c5514-7829-43ea-9ba6-edcf116f0a2f":{"type":"item","settings":{"title":"Get creative with courgettes","subtext":"Ut fermentum massa justo sit amet risus tellus ac cursus commodo, tortor mauris condimentum nibh, ut fermentum massa."}},"cf7c6a1e-b6a0-4afb-8aec-84f65e12d3ce":{"type":"item","settings":{"title":"Italian style meatballs with courgette ‘tagliatelle’","subtext":"Aenean lacinia bibendum nulla sed consectetur. Vestibulum id ligula porta felis euismod semper. Fusce dapibus, tellus ac cursus."}},"08c88f5a-87e4-4949-915e-1e916e7218fb":{"type":"item","settings":{"title":"How to fillet round fish (mackerel, trout, etc.)","subtext":"Ut fermentum massa justo sit amet risus tellus ac cursus commodo, tortor mauris condimentum nibh, ut fermentum massa."}},"fa2366ef-1a3b-4e35-a3f9-528434a02fab":{"type":"item","settings":{"title":"Irish fish chowder with soda bread","subtext":"Aenean lacinia bibendum nulla sed consectetur. Vestibulum id ligula porta felis euismod semper. Fusce dapibus, tellus ac cursus."}},"4d001e72-87ce-4869-a0d9-a0d6e9b50bcb":{"type":"item","settings":{"title":"Equipment you will need for this technique","subtext":"Ut fermentum massa justo sit amet risus tellus ac cursus commodo, tortor mauris condimentum nibh, ut fermentum massa."}}},"block_order":["9d9c5514-7829-43ea-9ba6-edcf116f0a2f","cf7c6a1e-b6a0-4afb-8aec-84f65e12d3ce","08c88f5a-87e4-4949-915e-1e916e7218fb","fa2366ef-1a3b-4e35-a3f9-528434a02fab","4d001e72-87ce-4869-a0d9-a0d6e9b50bcb"],"settings":{"display":"","title":"Why we are the best","sub_title":"What is Oars Store?","subtext":"Cras mattis consectetur purus sit amet fermentum. Praesent vel scelerisque nisl consectetur et.","banner":"shopify:\/\/shop_images\/1_9242bec9-3673-4256-8fd4-078ecfcda570.png","background":"#f5fcf9"}}},"order":["162796165210cf81a9","1654491860a0921b60","165415673556e94f58","1652104860a8fbd8a0","16521055153f10afdb","165210551364276666","1654156929a3b02612","1654157207a5f32156","1652237161c7a16000","165223757597ec0d3f","16541572555e3d42e9","165223757911bb8215"]}