{"sections":{"main-page":{"type":"main-page","settings":{"title":true,"breadcrumbs":true,"padding-top-desktop":160,"padding-top-tablet":80,"padding-top-mobile":30,"background":"shopify:\/\/shop_images\/oar3-bk.webp"}},"gallery":{"type":"main-gallery","blocks":{"c63125fd-e89a-4fd8-9f14-133d3427dd7a":{"type":"item_big","settings":{"image":"shopify:\/\/shop_images\/oar6-2.jpg","title":"ORGANIZED NOIZE","subtitle":"Organic Farm, Fresh Juice"}},"23e60fc6-c8f0-4757-af8a-72b6809779c5":{"type":"item_small","settings":{"image_1":"shopify:\/\/shop_images\/oar6-1.webp","title_1":"ORGANIZED NOIZE","subtitle_1":"Organic Farm, Fresh Juice","image_2":"shopify:\/\/shop_images\/oar6-3.webp","title_2":"ORGANIZED NOIZE","subtitle_2":"Organic Farm, Fresh Juice","image_3":"shopify:\/\/shop_images\/oar6-4.webp","title_3":"ORGANIZED NOIZE","subtitle_3":"Organic Farm, Fresh Juice"}},"31a16f6a-454b-4bca-b335-c11f5973cbbf":{"type":"item_small","settings":{"image_1":"shopify:\/\/shop_images\/5.jpg","title_1":"ORGANIZED NOIZE","subtitle_1":"Organic Farm, Fresh Juice","image_2":"shopify:\/\/shop_images\/6.jpg","title_2":"ORGANIZED NOIZE","subtitle_2":"Organic Farm, Fresh Juice","image_3":"shopify:\/\/shop_images\/oar6-g8.webp","title_3":"ORGANIZED NOIZE","subtitle_3":"Organic Farm, Fresh Juice"}},"2c8b61b2-bba3-47eb-8c4f-0eda052c37c7":{"type":"item_big","settings":{"image":"shopify:\/\/shop_images\/7.jpg","title":"ORGANIZED NOIZE","subtitle":"Organic Farm, Fresh Juice"}},"c83346fd-f177-480f-97ba-ea1cea16e3ac":{"type":"item_big","settings":{"image":"shopify:\/\/shop_images\/10.jpg","title":"ORGANIZED NOIZE","subtitle":"Organic Farm, Fresh Juice"}},"675ce771-0d89-4d65-bc5b-4d477caf82e0":{"type":"item_small","settings":{"image_1":"shopify:\/\/shop_images\/11.jpg","title_1":"ORGANIZED NOIZE","subtitle_1":"Organic Farm, Fresh Juice","image_2":"shopify:\/\/shop_images\/12.jpg","title_2":"ORGANIZED NOIZE","subtitle_2":"Organic Farm, Fresh Juice","image_3":"shopify:\/\/shop_images\/13.jpg","title_3":"ORGANIZED NOIZE","subtitle_3":"Organic Farm, Fresh Juice"}}},"block_order":["c63125fd-e89a-4fd8-9f14-133d3427dd7a","23e60fc6-c8f0-4757-af8a-72b6809779c5","31a16f6a-454b-4bca-b335-c11f5973cbbf","2c8b61b2-bba3-47eb-8c4f-0eda052c37c7","c83346fd-f177-480f-97ba-ea1cea16e3ac","675ce771-0d89-4d65-bc5b-4d477caf82e0"],"settings":{"title":"True healthcare reform starts","sub_title":"in your kitchen!!!"}}},"order":["main-page","gallery"]}