{"sections":{"main-page":{"type":"main-page","settings":{"title":true,"breadcrumbs":true,"padding-top-desktop":160,"padding-top-tablet":80,"padding-top-mobile":30,"background":"shopify:\/\/shop_images\/oar3-bk.webp"}},"main":{"type":"main-product","blocks":{"2f866888-4628-48e4-a8fe-9b8943b44eb6":{"type":"product-listing","settings":{"title":"Categories","position":"left_sidebar","display":"","listing_linklist":"all-categories"}},"63258d4f-31bf-4510-9087-96a0094d586c":{"type":"product-related","settings":{"title":"Best Sale","position":"left_sidebar","display":"","collection":"best-seller","related":false,"limit":"3","slidable":false,"autoplay":false,"autoplay_speed":"5000","effect":"slide","space":15,"col":"1","col_sm":"1","col_md":"1","col_lg":"1","col_xl":"1","col_xxl":"1","row":1,"navigation":false,"pagination":false}},"6a32c674-3291-428b-8788-455e2cccc385":{"type":"product-banner","settings":{"title":"","position":"left_sidebar","display":"d-none d-md-block","image":"shopify:\/\/shop_images\/oar1-banner-ads.png","link":"","effect":"zoom"}},"10262f15-e75f-426c-97fd-f925bf6fc6d6":{"type":"product-recommendations","settings":{"title":"YOU MAY ALSO LIKE","position":"bottom_content","display":"","limit":"8","slidable":true,"autoplay":true,"autoplay_speed":"5000","effect":"slide","space":15,"col":"2","col_sm":"2","col_md":"2","col_lg":"3","col_xl":"3","col_xxl":"4","row":1,"navigation":true,"pagination":false}},"a12903b4-ca72-4e56-b509-2f90b84760c5":{"type":"product-recently","settings":{"title":"RECENTLY VIEWED PRODUCTS","position":"bottom_content","display":"","limit":"8","slidable":true,"autoplay":true,"autoplay_speed":"5000","effect":"slide","space":15,"col":"2","col_sm":"2","col_md":"2","col_lg":"3","col_xl":"3","col_xxl":"4","row":1,"navigation":true,"pagination":false}}},"block_order":["2f866888-4628-48e4-a8fe-9b8943b44eb6","63258d4f-31bf-4510-9087-96a0094d586c","6a32c674-3291-428b-8788-455e2cccc385","10262f15-e75f-426c-97fd-f925bf6fc6d6","a12903b4-ca72-4e56-b509-2f90b84760c5"],"settings":{"image_position":"left","width_content":"large","image_size":"natural","thumbnail_position":"bottom","enable_zoom":true,"enable_video_looping":true,"navigation":true,"pagination":true,"rating_star":"<span class='shopify-product-reviews-badge' data-id='{{ product.id }}'><\/span>","show_write_review":true,"show_earnpoints":true,"earnpoints_content":"<p><b>Here is only a suggestion: Reward Points function (demo function). To use real Reward Points, you need a 3rd party Shopify App.<\/b><\/p><p>\nYour items may arrive sooner than the estimated delivery date. Ralph Lauren reserves the right to send packages via other shipping methods based on the shipping destination as long as orders will still arrive within the arrival times outlined on RalphLauren.com.<\/p> \n<p>\nWhen you choose the Economy delivery option, packages are delivered Monday through Saturday 8 AM to 4:30 PM. Orders sent by Fast, 2-Business-Day or Next-Day shipping methods are delivered Monday through Friday from 8 AM to 4:30 PM.<\/p> \n<p>\nWe recommend choosing Fast or Next-Day delivery if you are shipping your package to a business address. You will be asked to provide a telephone number on the shipping page of checkout, which is important in the event the courier needs to arrange a delivery time with you.<\/p>\n<p>\n You will also be asked to provide an email address, to which we will send confirmation that your order was placed.<\/p>","show_sizechart":true,"sizechart_check":"size | Size","sizechart_text":"View Size Chart","sizechart_url":"","show_dynamic_checkout":true,"show_wishlist_button":true,"show_terms":true,"show_terms_title":"I agree with the","show_terms_action":"Terms & conditions","show_terms_content":"terms-conditions","show_terms_buynow_title":"Please check the Terms & conditions below","show_shipping":true,"shippingdate":5,"ct_timer":"2022\/07\/25 16:25:00","show_faqs":true,"faqs_title":"Ask us any Question","show_details":true,"detail_title":"Details","show_sku":true,"show_vendor":true,"show_type":true,"show_inventory":true,"show_description":true,"desc_title":"Description","show_bundle":true,"bundle_title":"Buy Together","show_share_buttons":true,"tab_active":true,"tab_desc":true,"tab_metafield":true,"tab_metafield_title":"Additional Info","tab_metafield_content":"<p>Morbi leo risus, porta ac consectetur ac, vestibulum at eros. Nulla vitae elit libero, a pharetra augue. Cras justo odio, dapibus ac facilisis in, egestas eget quam. Donec sed odio dui. Donec sed odio dui.<\/p>\n<ul>\n<li>Cum sociis natoque penatibus et magnis.<\/li>\n<li>Sed posuere consectetur est at lobortis.<\/li>\n<li>Vestibulum id ligula porta felis euismod semper.<\/li>\n<li>Lorem ipsum dolor sit amet, consectetur adipiscing elit.<\/li>\n<\/ul>","tab_custom":false,"tab_custom_title":"Custom Ta","tab_custom_content":"Custom Content","tab_review":true}}},"order":["main-page","main"]}