[{"name":"theme_info","theme_name":"Oars","theme_version":"4.0.0","theme_author":"Kalathemes","theme_documentation_url":"https:\/\/themeforshop.com\/manual\/oars","theme_support_url":"https:\/\/kalathemes.zendesk.com\/"},{"name":"Colors","settings":[{"type":"header","content":"General"},{"type":"color","id":"color_body","label":"Text","default":"#343434"},{"type":"color","id":"color_primary","label":"Text Hover","default":"#8ed7ee"},{"type":"color","id":"color_heading","label":"Heading","default":"#000000"},{"type":"color","id":"color_line","label":"Line","default":"#e8e8e8"},{"type":"color","id":"color_content_bg","label":"Background","default":"#fff"},{"type":"color","id":"collection_toolbar_bg","label":"Toolbar's Background","default":"#f3f3f4"},{"type":"header","content":"Dropdown Menu"},{"type":"color","id":"color_dropdown_text","label":"Text","default":"#828282"},{"type":"color","id":"color_dropdown_text_hover","label":"Text Hover","default":"#E16481"},{"type":"color","id":"color_dropdown_heading","label":"Heading","default":"#1E1E1E"},{"type":"color","id":"color_dropdown_border","label":"Border","default":"#E6E6E6"},{"type":"color","id":"color_boxshadow","label":"Box Shadow","default":"#000003"},{"type":"color","id":"color_dropdown_bg","label":"Background","default":"#fff"},{"type":"color","id":"color_dropdown_price","label":"Price","default":"#df1e31"},{"type":"header","content":"Button"},{"type":"color","id":"color_btn_text","label":"Text","default":"#fff"},{"type":"color","id":"color_btn_border","label":"Border","default":"#3D689A"},{"type":"color","id":"color_btn_bg","label":"Background","default":"#3D689A"},{"type":"header","content":"Button hover"},{"type":"color","id":"color_btn_text1","label":"Text Hover","default":"#222222"},{"type":"color","id":"color_btn_border1","label":"Border Hover","default":"#222222"},{"type":"color","id":"color_btn_bg1","label":"Background Hover","default":"#222222"},{"type":"header","content":"Top Header"},{"type":"color","id":"color_topheader_text","label":"Text","default":"#232323"},{"type":"color","id":"color_topheader_border","label":"Border","default":"#eeeeee"},{"type":"color","id":"color_topheader_bg","label":"Background","default":"#ffffff"},{"type":"header","content":"Main Header"},{"type":"color","id":"color_header_text","label":"Text","default":"#000000"},{"type":"color","id":"color_header_text_hover","label":"Text Hover","default":"#75A500"},{"type":"color","id":"color_header_border","label":"Border","default":"#d4d4d4"},{"type":"color","id":"color_header_boxshadow","label":"Box Shadow","default":"#ededed"},{"type":"color","id":"color_header_bg","label":"Background","default":"#ffffff"},{"type":"header","content":"Navigation"},{"type":"color","id":"color_navigation_text","label":"Text","default":"#ffffff"},{"type":"color","id":"color_navigation_text_hover","label":"Text Hover","default":"#8ed7ee"},{"type":"color","id":"color_navigation_border","label":"Border","default":"#d2d2d2"},{"type":"color","id":"color_navigation_bg","label":"Background","default":"#1e1e1e"},{"type":"header","content":"Product"},{"type":"color","id":"color_product_title_text","label":"Color Title","default":"#343434"},{"type":"color","id":"color_product_text","label":"Color Text","default":"#828282"},{"type":"color","id":"color_product_hover","label":"Color Hover","default":"#75A500"},{"type":"color","id":"color_product_line","label":"Color Line","default":"#E6E6E6"},{"type":"color","id":"color_product_bg","label":"Background","default":"#E6E6E6"},{"type":"color","id":"color_price_text","label":"Price","default":"#000000"},{"type":"color","id":"color_price_compare_text","label":"Price & Compare ","default":"#b0b0b0"},{"type":"color","id":"color_rating_text","label":"Rating","default":"#ffbf14"},{"type":"header","content":"Product Detail"},{"type":"color","id":"color_price_text_detail","label":"Price Sale","default":"#000000"},{"type":"color","id":"color_price_compare_text_detail","label":"Price Compare","default":"#b0b0b0"},{"type":"header","content":"Footer"},{"type":"color","id":"color_footer_title_text","label":"Title","default":"#ffffff"},{"type":"color","id":"color_footer_text","label":"Text","default":"#b0b0b0"},{"type":"color","id":"color_footer_text_hover","label":"Text Hover","default":"#8ed7ee"},{"type":"color","id":"color_footer_border","label":"Border","default":"#b0b0b0"},{"type":"color","id":"color_footer_bg","label":"Background","default":"#343434"},{"type":"header","content":"Copyright"},{"type":"color","id":"color_copyright_text","label":"Text","default":"#b0b0b0"},{"type":"color","id":"color_copyright_text_hover","label":"Text Hover","default":"#8ed7ee"},{"type":"color","id":"color_copyright_border","label":"Border","default":"#a6a6a6"},{"type":"color","id":"color_copyright_bg","label":"Background","default":"#0b0b0b"},{"type":"header","content":"Newsletter Of Footer"},{"type":"color","id":"color_newsletter_text","label":"Text","default":"#ffffff"},{"type":"color","id":"color_newsletter_border","label":"Border","default":"#37475a"},{"type":"color","id":"color_newsletter_bg","label":"Background","default":"#37475a"},{"type":"color","id":"color_btnnewsletter_text","label":"Button's Text","default":"#ffffff"},{"type":"color","id":"color_btnnewsletter_border","label":"Button's Border","default":"#37475a"},{"type":"color","id":"color_btnnewsletter_bg","label":"Button's Background","default":"#37475a"},{"type":"header","content":"Back To Top"},{"type":"color","id":"color_scrolltop_text","label":"Text","default":"#ffffff"},{"type":"color","id":"color_scrolltop_border","label":"Border","default":"#37475a"},{"type":"color","id":"color_scrolltop_bg","label":"Background","default":"#37475a"}]},{"name":"Typography","settings":[{"type":"liquid","id":"fontembed","label":"Embed Fonts","info":"You can include 1 or more Font embed links"},{"type":"text","id":"font_body","label":"Body Font Family","default":"'Poppins', sans-serif"},{"type":"text","id":"font_heading","label":"Heading font Family","default":"'Poppins', sans-serif;"},{"type":"text","id":"font_subheading","label":"Subheading font Family","default":"'streamster', sans-serif;"}]},{"name":"General Settings","settings":[{"type":"header","content":"Icon heading"},{"type":"image_picker","id":"icon_heading","label":"Upload icon"},{"type":"header","content":"Breadcrumbs"},{"type":"checkbox","id":"breadcrumbs","label":"Enable Breadcrumb","default":true},{"type":"header","content":"Scroll to Top"},{"type":"checkbox","id":"general_gototop","label":"Active Scroll to Top","default":true},{"type":"header","content":"Ajax cart Modal"},{"type":"checkbox","id":"ajax_active","label":"Enable Ajax cart","default":true},{"type":"header","content":"Notification products"},{"type":"checkbox","id":"ajax_notification","label":"Enable Notification products","default":true},{"type":"header","content":"Newsletter popup"},{"type":"checkbox","id":"newsletter_popup","label":"Enable Newsletter popup","default":true},{"type":"header","content":"Cookies bar"},{"type":"checkbox","id":"cookies_bar","label":"Enable Cookies bar","default":true},{"type":"header","content":"Animation Loader for Home Page","info":"Sections will only show when scroll to it"},{"type":"checkbox","id":"animation_loader","label":"Enable Animation loader","default":true}]},{"name":"Cart Drawer","settings":[{"type":"checkbox","id":"cart_active","label":"Enable Cart Drawer","default":true},{"type":"header","content":"Progress shipping"},{"type":"checkbox","id":"cart_shipping","label":"Enable Progress shipping","default":true},{"type":"text","id":"cart_shipping_amount","label":"Shipping amount","default":"150","info":"Set up your free [shipping rates](\/admin\/settings\/shipping) matching the amount entered above"}]},{"name":"Search Drawer","settings":[{"type":"checkbox","id":"search_active","label":"Enable Search Drawer","default":true},{"type":"checkbox","id":"search_auto","label":"Active search autocomplete","default":true},{"type":"header","content":"Quick search"},{"type":"checkbox","id":"search_quick","label":"Enable Quick search","default":true},{"type":"text","id":"search_quick_heading","label":"Heading","default":"Quick search"},{"type":"link_list","id":"search_quick_link","label":"Link list"},{"type":"header","content":"Suggested products"},{"type":"checkbox","id":"search_suggested","label":"Enable Suggested products","default":true},{"type":"text","id":"search_suggested_heading","label":"Heading","default":"Need some inspiration?"},{"type":"collection","id":"search_suggested_collection","label":"Select collection"},{"type":"text","id":"search_suggested_limit","label":"Limit","default":"4"}]},{"name":"Product Item","settings":[{"type":"checkbox","id":"product_up","label":"Change Product name to UPPER CASE","default":true},{"type":"checkbox","id":"product_padding","label":"Add padding in Bottom Product Information","default":false},{"type":"checkbox","id":"product_wishlist","label":"Enable wishlist","default":true},{"type":"checkbox","id":"product_compare","label":"Enable Compare","default":true},{"type":"checkbox","id":"product_quickview","label":"Enable Quickview","default":true},{"type":"checkbox","id":"product_addtocart","label":"Enable add to cart","default":true},{"type":"checkbox","id":"product_rating","label":"Enable rating star","default":true,"info":"You need install the Shopify App for Review"},{"type":"checkbox","id":"product_border","label":"Enable border","default":false},{"type":"checkbox","id":"product_hover_image","label":"Hover to reveal second image","default":true},{"type":"select","id":"product_image_size","label":"Image size","default":"natural","options":[{"value":"natural","label":"Natural"},{"value":"square","label":"Square (1:1)"},{"value":"landscape","label":"Landscape (4:3)"},{"value":"portrait","label":"Portrait (2:3)"}]},{"type":"checkbox","id":"product_unit_price","label":"Enable unit price","default":false},{"type":"checkbox","id":"coloravai","label":"Enable Color Available","default":true},{"type":"text","id":"colorname","label":"Color Text in variant","default":"Color"},{"type":"header","content":"Product label"},{"type":"checkbox","id":"product_label","label":"Enable labels","default":true,"info":"Other labels added by Metafields"},{"type":"paragraph","content":"Promotion label"},{"type":"text","id":"product_label_sale","label":"Promotion label text","default":"-[percent]%","info":"Auto set when a product has special price. Leave the \"Promotion label text\" empty to disable this label"},{"type":"color","id":"product_label_sale_color","label":"Promotion label color","default":"#a0f68a"}]},{"name":"Quick View Settings","settings":[{"type":"header","content":"Product image settings"},{"type":"select","id":"quick_image_position","label":"Images position","options":[{"value":"left","label":"Left"},{"value":"right","label":"Right"}],"default":"left"},{"type":"select","id":"quick_width_content","label":"Width Content","options":[{"value":"small","label":"Small"},{"value":"medium","label":"Medium"},{"value":"large","label":"Large"}],"default":"large"},{"type":"select","id":"quick_image_size","label":"Image size","default":"natural","options":[{"value":"natural","label":"Natural"},{"value":"square","label":"Square (1:1)"},{"value":"landscape","label":"Landscape (4:3)"},{"value":"portrait","label":"Portrait (2:3)"}]},{"type":"select","id":"quick_thumbnail_position","label":"Thumbnail position","options":[{"value":"none","label":"None"},{"value":"left","label":"Left"},{"value":"right","label":"Right"},{"value":"bottom","label":"Bottm"}],"default":"left"},{"type":"checkbox","id":"quick_enable_video_looping","label":"Enable video looping","default":true},{"type":"checkbox","id":"quick_navigation","label":"Enable navigaiton","default":true},{"type":"checkbox","id":"quick_pagination","label":"Enable pagination","default":true},{"type":"header","content":"Rating star"},{"type":"liquid","id":"quick_rating_star","label":"Code rating star","default":"<span class='shopify-product-reviews-badge' data-id='{{ product.id }}'><\/span>"},{"type":"header","content":"Details area"},{"type":"checkbox","id":"quick_show_details","label":"Show details","default":true},{"type":"text","id":"quick_detail_title","label":"Detail heading","default":"Details"},{"type":"checkbox","id":"quick_show_sku","label":"Show SKU","default":true},{"type":"checkbox","id":"quick_show_vendor","label":"Show product vendor","default":true},{"type":"checkbox","id":"quick_show_type","label":"Show product type","default":true},{"type":"checkbox","id":"quick_show_inventory","label":"Show inventory management","default":true},{"type":"header","content":"Description area"},{"type":"checkbox","id":"quick_show_description","label":"Show product description","default":true},{"type":"text","id":"quick_desc_title","label":"Description heading","default":"Description"},{"type":"header","content":"Bundle products"},{"type":"checkbox","id":"quick_show_bundle","label":"Show bundle","default":true},{"type":"text","id":"quick_bundle_title","label":"Bundle title","default":"Buy Together"},{"type":"header","content":"Other information"},{"type":"image_picker","id":"quick_customimage","label":"Payment security image"},{"type":"checkbox","id":"quick_show_share_buttons","label":"Show social sharing buttons","default":true}]},{"name":"Product Options - Filters","settings":[{"type":"header","content":"Product detail options"},{"type":"textarea","id":"product_option","label":"Options mapping","info":"Available type: image, color, size, dropdown, radio","default":"Image:image | Color:color | Size:size | Dropdown:dropdown | Material:radio"},{"type":"header","content":"Product filter options"},{"type":"textarea","id":"product_color_check","label":"Title variant show Colors","info":"Your variant Title 1 | Title 2 | ... | Title n","default":"color | Color"},{"type":"textarea","id":"product_color_mapping","label":"Colors mapping","info":"Your color name 1:Color code 1 | Your color name 2:Color code 2 | ... | Your color name n:Color code n","default":"Red:#f44336 | Pink:#e91e63 | Purple:#9c27b0 | Deep purple:#673ab7 | Indigo:#3f51b5 | Blue:#2196f3 | Light blue:#03a9f4 | Cyan:#00bcd4 | Teal:#009688 | Green:#4caf50 | Light green:#8bc34a | Lime:#cddc39 | Yellow:#ffeb3b | Amber:#ffc107 | Orange:#ff9800 | Deep orange:#ff5722 | Brown:#795548 | Gray:#9e9e9e | Blue gray:#607d8b | Black:#000000 | White:#ffffff"},{"type":"textarea","id":"product_color_skip","label":"Colors Skip","info":"Input the color that you don't want show in filte"}]},{"name":"Article Item","settings":[{"type":"checkbox","id":"article_author","label":"Enable author","default":true},{"type":"checkbox","id":"article_date","label":"Enable date","default":true},{"type":"select","id":"article_image_size","label":"Image size","default":"natural","options":[{"value":"natural","label":"Natural"},{"value":"square","label":"Square (1:1)"},{"value":"landscape","label":"Landscape (4:3)"},{"value":"portrait","label":"Portrait (2:3)"}]}]},{"name":"My Account Page","settings":[{"type":"image_picker","id":"account_banner_1","label":"Upload banner 1"},{"type":"url","id":"account_banner_1_link","label":"Select link banner 1"},{"type":"image_picker","id":"account_banner_2","label":"Upload banner 2"},{"type":"url","id":"account_banner_2_link","label":"Select link banner 2"}]},{"name":"Social media","settings":[{"type":"header","content":"Social sharing options"},{"type":"checkbox","id":"share_facebook","label":"Share on Facebook","default":true},{"type":"checkbox","id":"share_twitter","label":"Tweet on Twitter","default":true},{"type":"checkbox","id":"share_pinterest","label":"Pin on Pinterest","default":true},{"type":"header","content":"Social accounts"},{"type":"text","id":"social_twitter_link","label":"Twitter","info":"https:\/\/twitter.com\/shopify"},{"type":"text","id":"social_facebook_link","label":"Facebook","info":"https:\/\/facebook.com\/shopify"},{"type":"text","id":"social_pinterest_link","label":"Pinterest","info":"https:\/\/pinterest.com\/shopify"},{"type":"text","id":"social_instagram_link","label":"Instagram","info":"http:\/\/instagram.com\/shopify"},{"type":"text","id":"social_tiktok_link","label":"TikTok","info":"https:\/\/tiktok.com\/@shopify"},{"type":"text","id":"social_tumblr_link","label":"Tumblr","info":"https:\/\/shopify.tumblr.com"},{"type":"text","id":"social_snapchat_link","label":"Snapchat","info":"https:\/\/www.snapchat.com\/add\/shopify"},{"type":"text","id":"social_youtube_link","label":"YouTube","info":"https:\/\/www.youtube.com\/shopify"},{"type":"text","id":"social_vimeo_link","label":"Vimeo","info":"https:\/\/vimeo.com\/shopify"}]},{"name":"Favicon","settings":[{"type":"image_picker","id":"favicon","label":"Favicon image","info":"Will be scaled down to 32 x 32px"}]},{"name":"Currency Format","settings":[{"type":"header","content":"Currency codes"},{"type":"paragraph","content":"Cart and checkout prices always show currency codes. Example: $1.00 USD."},{"type":"checkbox","id":"currency_code_enabled","label":"Show currency codes","default":true}]}]