{"sections":{"main-page":{"type":"main-page","settings":{"title":true,"breadcrumbs":true,"padding-top-desktop":160,"padding-top-tablet":80,"padding-top-mobile":30,"background":"shopify:\/\/shop_images\/bkg-breadcrumbs.png"}},"main":{"type":"main-article","settings":{"sidebar":true,"article_blog":true,"article_author":true,"article_date":true,"article_image_size":"natural","article_share":true,"article_tags":true,"article_related":true,"article_related_title":"YOU MAY ALSO LIKE","autoplay":true,"autoplay_speed":"5000","effect":"slide","space":15,"col":"1","col_sm":"2","col_md":"2","col_lg":"3","col_xl":"3","col_xxl":"3","navigation":true,"pagination":true}}},"order":["main-page","main"]}