{"sections":{"main-page":{"type":"main-page","settings":{"title":true,"breadcrumbs":true,"padding-top-desktop":160,"padding-top-tablet":80,"padding-top-mobile":30,"background":"shopify:\/\/shop_images\/bn-bk.webp"}},"main":{"type":"main-blog","blocks":{"206a57be-e849-4d45-b5ba-6aed4a87f403":{"type":"blog-link-list","settings":{"title":"Category","position":"left_sidebar","link_list":"all-categories"}},"0d5b240e-95ab-40ed-823a-a9f202b8e828":{"type":"blog-article","settings":{"title":"Recent posts","position":"left_sidebar","blog":"news","limit":3,"effect":"zoom"}},"15622336-4739-4775-8259-6509d8eec777":{"type":"blog-banner","settings":{"title":"","position":"left_sidebar","image":"shopify:\/\/shop_images\/oar1-banner-ads.png","link":"shopify:\/\/blogs\/news","effect":"shine"}}},"block_order":["206a57be-e849-4d45-b5ba-6aed4a87f403","0d5b240e-95ab-40ed-823a-a9f202b8e828","15622336-4739-4775-8259-6509d8eec777"],"settings":{"layout":"grid","limit":6,"effect":"zoom","sidebar":true,"col":"1","col_sm":"2","col_md":"2","col_lg":"2","col_xl":"2","col_xxl":"2"}}},"order":["main-page","main"]}