{"sections":{"main-page":{"type":"main-page","settings":{"title":true,"breadcrumbs":true,"padding-top-desktop":160,"padding-top-tablet":80,"padding-top-mobile":30,"background":"shopify:\/\/shop_images\/bn-bk.webp"}},"cart-items":{"type":"main-cart-items","settings":{"show_continue":true}},"cart-footer":{"type":"main-cart-footer","settings":{"show_continue":true,"show_cart_note":true,"show_shipping_calculator":true,"shipping_calculator_heading":"Get shipping estimates","shipping_country":"Country","shipping_zip":"Zip\/Postal Code","shipping_calculator_default_country":"United States","shipping_calculator_submit_button_label":"Calculate shipping","shipping_calculator_submit_button_label_disabled":"Calculating..."}}},"order":["main-page","cart-items","cart-footer"]}