{"sections":{"1655796454d01ef4fa":{"type":"index-collection-grid","settings":{"display":"","banner":"shopify:\/\/shop_images\/1.jpg","position":"left","collection":"cream","limit":"4","col":"2","col_sm":"2","col_md":"2","col_lg":"2","col_xl":"2","col_xxl":"2"}},"1655796460b363b394":{"type":"index-banner","settings":{"display":"","title":"Stepping into 15th  years of sharing smiles","subtext":"Praesent commodo cursus magna, vel scelerisque nisl consectetur et. Cras mattis consectetur purus sit amet fermentum. Lorem ipsum dolor sit amet, consectetur adipiscing elit. Donec ullamcorper nulla non metus auctor fringilla. Nullam quis risus eget urna mollis ornare vel eu leo.","action":"ABOUT OARS STORE","link":"shopify:\/\/collections\/all","bkg_image":"shopify:\/\/shop_images\/2.jpg"}},"1655796501aad6f2ff":{"type":"index-collection-grid","settings":{"display":"","banner":"shopify:\/\/shop_images\/3.jpg","position":"right","collection":"shop-left-sidebar","limit":"4","col":"2","col_sm":"2","col_md":"2","col_lg":"2","col_xl":"2","col_xxl":"2"}},"165579650670cfb127":{"type":"index-brands","blocks":{"c30188d9-1219-4aad-8ee2-b9c15ff6fe47":{"type":"brand","settings":{"image":"shopify:\/\/shop_images\/1w.png","image_hover":"shopify:\/\/shop_images\/oar2-b1.png","url":"shopify:\/\/collections\/all"}},"92a5ac90-7360-44f8-b74a-b76e9db76490":{"type":"brand","settings":{"image":"shopify:\/\/shop_images\/2w.png","image_hover":"shopify:\/\/shop_images\/oar2-b2.png","url":"shopify:\/\/collections\/all"}},"8835656e-6b77-4049-aaab-c165f5afcd8e":{"type":"brand","settings":{"image":"shopify:\/\/shop_images\/3w.png","image_hover":"shopify:\/\/shop_images\/oar2-b3.png","url":"shopify:\/\/collections\/all"}},"13908c7f-9fd1-4ba9-97ef-6cb76e8fc4ac":{"type":"brand","settings":{"image":"shopify:\/\/shop_images\/4w.png","image_hover":"shopify:\/\/shop_images\/oar2-b4.png","url":"shopify:\/\/collections\/all"}},"85f51a12-78b9-488b-a1d0-9bc0dcea7667":{"type":"brand","settings":{"image":"shopify:\/\/shop_images\/5w.png","image_hover":"shopify:\/\/shop_images\/oar2-b4.png","url":"shopify:\/\/collections\/all"}},"c5cbcaf4-f8a6-4f32-a2b7-6d95063f4da4":{"type":"brand","settings":{"image":"shopify:\/\/shop_images\/6w.png","image_hover":"shopify:\/\/shop_images\/oar2-b6.png","url":"shopify:\/\/collections\/all"}},"2776afc1-2066-4123-9024-e472cdaf0c40":{"type":"brand","settings":{"image":"shopify:\/\/shop_images\/1w.png","image_hover":"shopify:\/\/shop_images\/oar2-b1.png","url":"shopify:\/\/collections\/all"}}},"block_order":["c30188d9-1219-4aad-8ee2-b9c15ff6fe47","92a5ac90-7360-44f8-b74a-b76e9db76490","8835656e-6b77-4049-aaab-c165f5afcd8e","13908c7f-9fd1-4ba9-97ef-6cb76e8fc4ac","85f51a12-78b9-488b-a1d0-9bc0dcea7667","c5cbcaf4-f8a6-4f32-a2b7-6d95063f4da4","2776afc1-2066-4123-9024-e472cdaf0c40"],"settings":{"display":"","bkg_color":"#f7778e","autoplay":true,"autoplay_speed":"5000","effect":"slide","space":15,"col":"2","col_sm":"3","col_md":"4","col_lg":"5","col_xl":"6","col_xxl":"6","navigation":true,"pagination":false}}},"order":["1655796454d01ef4fa","1655796460b363b394","1655796501aad6f2ff","165579650670cfb127"]}