{"sections":{"162796165210cf81a9":{"type":"index-slideshow","blocks":{"1a45fce1-65db-4d0a-b8c5-b83786d19ab7":{"type":"image","settings":{"background":"shopify:\/\/shop_images\/oar5-sl1.jpg","link":"shopify:\/\/collections\/all","entrance_effect":"fadeIn","exit_effect":"fadeOut","caption_position":"middle-center","caption_align":"center","title":"","color_title_desktop":"#91ad41","subtitle":"","color_subtitle_desktop":"#101010","description":"","color_description_desktop":"#8d8d99","action":"","caption_1":"shopify:\/\/shop_images\/oar5-cap1.png"}},"c0114108-bf63-413a-ae35-d300e7d64016":{"type":"image","settings":{"background":"shopify:\/\/shop_images\/oar5-sl2.jpg","link":"shopify:\/\/collections\/all","entrance_effect":"fadeIn","exit_effect":"fadeOut","caption_position":"middle-center","caption_align":"center","title":"","color_title_desktop":"#91ad41","subtitle":"","color_subtitle_desktop":"#101010","description":"","color_description_desktop":"#8d8d99","action":"","caption_1":"shopify:\/\/shop_images\/oar5-cap1.png"}}},"block_order":["1a45fce1-65db-4d0a-b8c5-b83786d19ab7","c0114108-bf63-413a-ae35-d300e7d64016"],"settings":{"display":"d-none d-md-block","layout":"container-fluid","effect":"slide","autoplay":true,"autoplay_speed":"5000","slideshow_width":1820,"slideshow_height":1080,"navigation":false,"color_navigation_text":"#ffffff","color_navigation_bkg":"#525259","pagination":true,"color_pagination":"#ffffff","color_pagination_hover":"#ffffff","social_enable":true,"social_twitter_link":"https:\/\/twitter.com\/shopify","social_facebook_link":"https:\/\/facebook.com\/shopify","social_pinterest_link":"","social_instagram_link":"http:\/\/instagram.com\/shopify","social_tiktok_link":"","social_tumblr_link":"","social_snapchat_link":"","social_youtube_link":"https:\/\/www.youtube.com\/shopify","social_vimeo_link":"","phone_enable":true,"phone_title":"GET IN TOUCH :","phone_caption":"<a href=\"tel:+120012811967\">+(1200) 128 119 67<\/a>\n<a href=\"tel:+110013811868\">+(1100) 138 118 68<\/a>"}},"1655439387ecc2d38e":{"type":"index-slideshow","blocks":{"fe676112-45c7-49dc-8295-bf84f1b5016c":{"type":"image","settings":{"background":"shopify:\/\/shop_images\/oar5-sl1-m.png","link":"","entrance_effect":"fadeIn","exit_effect":"fadeOut","caption_position":"middle-center","caption_align":"center","title":"","color_title_desktop":"#101010","subtitle":"","color_subtitle_desktop":"#8d8d99","description":"","color_description_desktop":"#8d8d99","action":"","caption_1":"shopify:\/\/shop_images\/oar5-cap1-m.png"}},"3a267c8b-95f7-4eb7-aa74-2d90e4d2abc8":{"type":"image","settings":{"background":"shopify:\/\/shop_images\/oar5-sl2-m.png","link":"","entrance_effect":"fadeIn","exit_effect":"fadeOut","caption_position":"middle-center","caption_align":"center","title":"","color_title_desktop":"#101010","subtitle":"","color_subtitle_desktop":"#8d8d99","description":"","color_description_desktop":"#8d8d99","action":"","caption_1":"shopify:\/\/shop_images\/oar5-cap1-m.png"}}},"block_order":["fe676112-45c7-49dc-8295-bf84f1b5016c","3a267c8b-95f7-4eb7-aa74-2d90e4d2abc8"],"settings":{"display":"d-block d-md-none","layout":"container-fluid","effect":"slide","autoplay":true,"autoplay_speed":"5000","slideshow_width":767,"slideshow_height":455,"navigation":true,"color_navigation_text":"#ffffff","color_navigation_bkg":"#333333","pagination":true,"color_pagination":"#ffffff","color_pagination_hover":"#b95557","social_enable":true,"social_twitter_link":"https:\/\/twitter.com\/shopify","social_facebook_link":"https:\/\/facebook.com\/shopify","social_pinterest_link":"","social_instagram_link":"http:\/\/instagram.com\/shopify","social_tiktok_link":"","social_tumblr_link":"","social_snapchat_link":"","social_youtube_link":"https:\/\/www.youtube.com\/shopify","social_vimeo_link":"","phone_enable":true,"phone_title":"GET IN TOUCH :","phone_caption":"<a href=\"tel:+120012811967\">+(1200) 128 119 67<\/a>\n<a href=\"tel:+110013811868\">+(1100) 138 118 68<\/a>"}},"1654764539e1b3b016":{"type":"index-welcome","settings":{"display":"","image":"shopify:\/\/shop_images\/oar5-b1.webp","title":"Oars Meats Store","subtext":"Cras mattis consectetur purus sit amet fermentum. Aenean eu leo quam. lacinia quam venenatis vestibulum. Vivamus sagittis lacus vel augue laoreet rutrum faucibus dolor auctor. Duis mollis, est non commodo luctus, nisi erat porttitor ligula, eget lacinia odio sem nec elit.","signature":"shopify:\/\/shop_images\/Signature.png","bkg_image_caption":"shopify:\/\/shop_images\/bg-meat.png","bkg_image":"shopify:\/\/shop_images\/bg.png"}},"16521046651037a960":{"type":"index-about","blocks":{"9471f58d-351b-448a-9c44-f842b237a37f":{"type":"item","settings":{"image":"shopify:\/\/shop_images\/1_ef4106a3-b7d8-48a5-b39e-131201fc052b.png","title":"Fresh Meat","subtext":"Lorem ipsum dolor sit amet consectetur adipiscing elit felis euismod sempe.","col":"6","col_sm":"6","col_md":"6","col_lg":"3","col_xl":"3","col_xxl":"3"}},"f08ffd28-5767-4606-acff-7ec2b597125a":{"type":"item","settings":{"image":"shopify:\/\/shop_images\/2.png","title":"No Preservatives","subtext":"Lorem ipsum dolor sit amet consectetur adipiscing elit felis euismod sempe.","col":"6","col_sm":"6","col_md":"6","col_lg":"3","col_xl":"3","col_xxl":"3"}},"441c84be-27a6-401a-8e6d-64bd6ebe79af":{"type":"item","settings":{"image":"shopify:\/\/shop_images\/3.png","title":"No Artificial Colors","subtext":"Lorem ipsum dolor sit amet consectetur adipiscing elit felis euismod sempe.","col":"6","col_sm":"6","col_md":"6","col_lg":"3","col_xl":"3","col_xxl":"3"}},"2c6b7b68-1930-45d9-a1a4-f9daa7e47b66":{"type":"item","settings":{"image":"shopify:\/\/shop_images\/4.png","title":"Healthy Life","subtext":"Lorem ipsum dolor sit amet consectetur adipiscing elit felis euismod sempe.","col":"6","col_sm":"6","col_md":"6","col_lg":"3","col_xl":"3","col_xxl":"3"}}},"block_order":["9471f58d-351b-448a-9c44-f842b237a37f","f08ffd28-5767-4606-acff-7ec2b597125a","441c84be-27a6-401a-8e6d-64bd6ebe79af","2c6b7b68-1930-45d9-a1a4-f9daa7e47b66"],"settings":{"display":"","title":"Who we are","sub_title":"About Us","subtext":"Cras mattis consectetur purus sit amet fermentum. Praesent commodo cursus magna, vel scelerisque nisl consectetur et.","bkg_color":"#f7eee2","bkg_image":"shopify:\/\/shop_images\/oar5-left.png","top_enable":true,"top_image":"shopify:\/\/shop_images\/oar5-right.webp","top_content":false}},"16547645873d0b3933":{"type":"index-collection-grid","settings":{"display":"","title":"Featured Products","sub_title":"Fresh Meats","subtext":"Cras mattis consectetur purus sit amet fermentum. Praesent commodo cursus magna, vel scelerisque nisl consectetur et.","collection":"featured-products","limit":"4","col":"2","col_sm":"2","col_md":"2","col_lg":"2","col_xl":"2","col_xxl":"2","slider_enable":true,"slider_limit":"4","autoplay":false,"autoplay_speed":"5000","effect":"slide","navigation":true,"pagination":false}},"1654765140bf3bc7aa":{"type":"index-recipe","blocks":{"70eda598-ba26-4822-b2cd-2a12f5888127":{"type":"item_left","settings":{"image":"shopify:\/\/shop_images\/c1.png","title":"01. Choose Product","subtext":"Integer posuere erat a ante venenatis aliquet."}},"532870f7-acdd-47ca-b9a0-4091ea4f76b7":{"type":"item_left","settings":{"image":"shopify:\/\/shop_images\/c2.png","title":"03. Share Location","subtext":"Integer posuere erat a ante venenatis aliquet."}},"f6d3b8a7-55d8-4702-9b93-4f3e6be34f86":{"type":"item_right","settings":{"image":"shopify:\/\/shop_images\/c3.png","title":"02. Choose Store","subtext":"Integer posuere erat a ante venenatis aliquet."}},"b467192b-e637-471d-9760-4a4d76339053":{"type":"item_right","settings":{"image":"shopify:\/\/shop_images\/c4.png","title":"04. Check & Payment","subtext":"Integer posuere erat a ante venenatis aliquet."}}},"block_order":["70eda598-ba26-4822-b2cd-2a12f5888127","532870f7-acdd-47ca-b9a0-4091ea4f76b7","f6d3b8a7-55d8-4702-9b93-4f3e6be34f86","b467192b-e637-471d-9760-4a4d76339053"],"settings":{"display":"","title":"Delivery Process","sub_title":"How to buy on Oars","subtext":"Cras mattis consectetur purus sit amet fermentum. Praesent commodo cursus magna, vel scelerisque nisl consectetur et.","bkg_color":"#f8f8f8","banner":"shopify:\/\/shop_images\/oar5-bn1.png","link":""}},"1654765241f6fe65e9":{"type":"index-testimonials","blocks":{"163e6c9b-e593-437c-894c-d5cb54564ccf":{"type":"testimonial","settings":{"image":"shopify:\/\/shop_images\/2_8265731a-bcbd-4b4a-83cd-31a1dc5d3d42.png","title":"Zin’s Nguyen","job":"Smoothie Bartender","review":"Aenean lacinia bibendum nulla sed consectetur. Vestibulum id ligula porta felis euismod semper. Fusce dapibus, tellus ac cursus commodo, tortor mauris condimentum nibh","col":"12","col_sm":"12","col_md":"4","col_lg":"4","col_xl":"4","col_xxl":"4"}},"aaa5d66d-8fe6-4eae-83b5-65ff647309ef":{"type":"testimonial","settings":{"image":"shopify:\/\/shop_images\/1_2ff9b9c2-3dc2-4c83-95e4-450d7b7fb229.png","title":"Vinfrank Ceaser","job":"Farmer Store","review":"Aenean lacinia bibendum nulla sed consectetur. Vestibulum id ligula porta felis euismod semper. Fusce dapibus, tellus ac cursus commodo, tortor mauris condimentum nibh","col":"12","col_sm":"12","col_md":"4","col_lg":"4","col_xl":"4","col_xxl":"4"}},"3c19f5a4-24cb-4c1b-a8d1-50d022a83f19":{"type":"testimonial","settings":{"image":"shopify:\/\/shop_images\/3_856bd8d5-5677-4559-bc92-b5fae168c1d0.png","title":"Will DogTooh","job":"Smoothie Bartender","review":"Aenean lacinia bibendum nulla sed consectetur. Vestibulum id ligula porta felis euismod semper. Fusce dapibus, tellus ac cursus commodo, tortor mauris condimentum nibh","col":"12","col_sm":"12","col_md":"4","col_lg":"4","col_xl":"4","col_xxl":"4"}},"6f7435e7-9f99-40ed-b8d5-a3025694e181":{"type":"brand","settings":{"image":"shopify:\/\/shop_images\/1_03227c9c-d4ee-4e07-84f6-f98ac0b8ddad.png","image_hover":"shopify:\/\/shop_images\/1_rh.png","url":"shopify:\/\/collections\/all"}},"e15be570-dae1-4c4a-a9f4-7d4ff14ad87e":{"type":"brand","settings":{"image":"shopify:\/\/shop_images\/2_28dab3ec-c48e-4e97-8fa4-3c7c04c10821.png","image_hover":"shopify:\/\/shop_images\/2_rh.png","url":"shopify:\/\/collections\/all"}},"4c60f40d-c7c9-4489-a5df-67ad2d7a83e4":{"type":"brand","settings":{"image":"shopify:\/\/shop_images\/3_9219e390-c137-4a03-a102-155217106111.png","image_hover":"shopify:\/\/shop_images\/3_rh.png","url":"shopify:\/\/collections\/all"}},"b5885b38-5e3e-48b8-8afb-cb280a3bcfc4":{"type":"brand","settings":{"image":"shopify:\/\/shop_images\/4_57f19c92-c394-4cbc-aee3-1bd64757bee4.png","image_hover":"shopify:\/\/shop_images\/3_rh.png","url":"shopify:\/\/collections\/all"}},"33cfc9b2-a5f6-471b-92c4-87a24ff19362":{"type":"brand","settings":{"image":"shopify:\/\/shop_images\/5.png","image_hover":"shopify:\/\/shop_images\/5_rh.png","url":"shopify:\/\/collections\/all"}},"073e3515-86c4-40c6-b419-4726e7d6d19f":{"type":"brand","settings":{"image":"shopify:\/\/shop_images\/6.png","image_hover":"shopify:\/\/shop_images\/6_rh.png","url":"shopify:\/\/collections\/all"}}},"block_order":["163e6c9b-e593-437c-894c-d5cb54564ccf","aaa5d66d-8fe6-4eae-83b5-65ff647309ef","3c19f5a4-24cb-4c1b-a8d1-50d022a83f19","6f7435e7-9f99-40ed-b8d5-a3025694e181","e15be570-dae1-4c4a-a9f4-7d4ff14ad87e","4c60f40d-c7c9-4489-a5df-67ad2d7a83e4","b5885b38-5e3e-48b8-8afb-cb280a3bcfc4","33cfc9b2-a5f6-471b-92c4-87a24ff19362","073e3515-86c4-40c6-b419-4726e7d6d19f"],"settings":{"display":"","bkg_color":"rgba(0,0,0,0)","testimonials_enable":true,"title":"What Our Customer Saying?","sub_title":"Testimonials","subtext":"Cras mattis consectetur purus sit amet fermentum. Praesent commodo cursus magna, vel scelerisque nisl consectetur et.","bkg_item":"#f5f6fb","brands_enable":true,"autoplay":true,"autoplay_speed":"5000","effect":"slide","space":15,"col":"2","col_sm":"3","col_md":"6","col_lg":"6","col_xl":"6","col_xxl":"6","navigation":false,"pagination":false}},"1654765249faec35c7":{"type":"index-newsletter","settings":{"display":"","image":"shopify:\/\/shop_images\/9_0ae7bd63-2b09-49a2-a27a-7bcf5d785968.jpg","title":"Get 20% Discount Off","sub_title":"Cras mattis consectetur purus sit amet fermentum. Praesent vel scelerisque nisl consectetur et.","bkg_image":"shopify:\/\/shop_images\/2_1782bc90-2ae1-44c1-ab7e-980d4dcfbb6f.png","bkg_color":"#f5f6fb"}}},"order":["162796165210cf81a9","1655439387ecc2d38e","1654764539e1b3b016","16521046651037a960","16547645873d0b3933","1654765140bf3bc7aa","1654765241f6fe65e9","1654765249faec35c7"]}