{"sections":{"main-page":{"type":"main-page","settings":{"title":true,"breadcrumbs":true,"padding-top-desktop":160,"padding-top-tablet":80,"padding-top-mobile":30,"background":"shopify:\/\/shop_images\/bn-bk.webp"}},"deals":{"type":"main-deals","blocks":{"2add1647-83de-45e7-ad53-daff7f150ce8":{"type":"category","settings":{"title":"Vegetables","collection":"vegetables"}},"0ed38991-d3d1-45bc-b136-f9ba82c23c5e":{"type":"category","settings":{"title":"Tea","collection":"tea"}},"20bfc451-f614-413f-a04c-5a7e695eb2b4":{"type":"category","settings":{"title":"Smoothie","collection":"smoothie"}},"ed7f60e7-c441-46e1-9e5e-f8b98c07260d":{"type":"category","settings":{"title":"Meats","collection":"meats"}},"f155e715-5faa-4adf-acdc-077f3d6de46e":{"type":"category","settings":{"title":"Juices","collection":"juices"}},"266103c1-b8e9-436d-bbfe-ce0940b42031":{"type":"category","settings":{"title":"Fruits","collection":"fruits"}},"2e00635e-01c7-4c55-9883-c2a133766c9e":{"type":"category","settings":{"title":"Cream","collection":"cream"}}},"block_order":["2add1647-83de-45e7-ad53-daff7f150ce8","0ed38991-d3d1-45bc-b136-f9ba82c23c5e","20bfc451-f614-413f-a04c-5a7e695eb2b4","ed7f60e7-c441-46e1-9e5e-f8b98c07260d","f155e715-5faa-4adf-acdc-077f3d6de46e","266103c1-b8e9-436d-bbfe-ce0940b42031","2e00635e-01c7-4c55-9883-c2a133766c9e"],"settings":{"shop_all":"Shop All","limit":"8","autoplay":true,"autoplay_speed":"5000","effect":"slide","space":15,"col":"2","col_sm":"2","col_md":"2","col_lg":"2","col_xl":"3","col_xxl":"4","navigation":true,"pagination":false}}},"order":["main-page","deals"]}