{"sections":{"main":{"type":"main-page","settings":{"title":true,"breadcrumbs":true,"padding-top-desktop":160,"padding-top-tablet":80,"padding-top-mobile":30,"background":"shopify:\/\/shop_images\/bn-bk.webp"}},"contact-form":{"type":"main-contact-form","settings":{"banner":"shopify:\/\/shop_images\/Contact_Us.jpg","title":"Get in touch with us","sub_title":"Contact Form","subtext":"Cras mattis consectetur purus sit amet fermentum. Praesent commodo cursus magna, vel scelerisque nisl consectetur et."}},"contact-detail":{"type":"main-contact-detail","blocks":{"7b033526-ddb6-4561-aa04-c0f548b068a6":{"type":"item","settings":{"icon":"shopify:\/\/shop_images\/d1.png","heading":"Address","subtext":"<address>1800 Abbot Kinney Blvd. Unit D, Venice<\/address>","col":"12","col_sm":"12","col_md":"12","col_lg":"4","col_xl":"4","col_xxl":"4"}},"7faddb03-9a79-43f2-981b-7805344390c2":{"type":"item","settings":{"icon":"shopify:\/\/shop_images\/d2.png","heading":"Phone","subtext":"<a href=\"tel:+84%2001122000\">+84 01122000<\/a>","col":"12","col_sm":"12","col_md":"12","col_lg":"4","col_xl":"4","col_xxl":"4"}},"82f29ad2-d764-45c4-a87a-300f7e145f98":{"type":"item","settings":{"icon":"shopify:\/\/shop_images\/d3.png","heading":"Email","subtext":"<a href=\"mailto:support@kalatheme.com\">support@kalatheme.com<\/a>","col":"12","col_sm":"12","col_md":"12","col_lg":"4","col_xl":"4","col_xxl":"4"}}},"block_order":["7b033526-ddb6-4561-aa04-c0f548b068a6","7faddb03-9a79-43f2-981b-7805344390c2","82f29ad2-d764-45c4-a87a-300f7e145f98"],"settings":{}},"contact-map":{"type":"main-contact-map","settings":{"display":"","layout":"container-fluid","html":"<iframe src=\"https:\/\/www.google.com\/maps\/embed?pb=!1m14!1m8!1m3!1d6044.969830807474!2d-73.993056!3d40.7513582!3m2!1i1024!2i768!4f13.1!3m3!1m2!1s0x0%3A0x0!2zNDDCsDQ1JzEyLjQiTiA3M8KwNTgnNTQuNyJX!5e0!3m2!1svi!2s!4v1600333050767!5m2!1svi!2s\" width=\"1920\" height=\"450\" frameborder=\"0\" style=\"border:0;\" allowfullscreen=\"\" aria-hidden=\"false\" tabindex=\"0\"><\/iframe>"}}},"order":["main","contact-form","contact-detail","contact-map"]}