{"layout":"password","sections":{"main":{"type":"password","blocks":{"7f6fd494-7c15-4488-b125-38c937b3a7e3":{"type":"paragraph","settings":{"paragraph":"<p>Be the first to know about new collections and exclusive offers.<\/p>"}},"868726ee-4f96-4530-afc7-f1fbbcbe493d":{"type":"email_form","settings":{"placeholder":"Your email","action":"Sign Up"}}},"block_order":["7f6fd494-7c15-4488-b125-38c937b3a7e3","868726ee-4f96-4530-afc7-f1fbbcbe493d"],"settings":{"title":"We are coming soon","timer":"2021\/12\/06 00:00:00","day":"Days","hour":"Hours","minute":"Minutes","second":"Seconds","background":"shopify:\/\/shop_images\/background-12.jpg"}}},"order":["main"]}